Date,Open,High,Low,Close,Adj Close,Volume,Percent Returns
2013-10-03,75.5,77.150002,75.199997,76.264999,55.908806,10014540,1.521012629
2013-10-04,75.525002,77.989998,75.309998,77.425003,56.759186,13942990,1.6984105445
2013-10-07,76.724998,79.385002,76.404999,78.739998,57.72319,12117930,-1.0477400851
2013-10-08,79.010002,80.394997,77.099998,77.915001,57.118401,13764370,1.5786278751
2013-10-09,76.995003,79.300003,76.309998,79.144997,58.020088,9387620,-0.7581046757
2013-10-10,78.404999,79.800003,78.059998,78.544998,57.580235,8464890,-0.6110916359
2013-10-11,79.5,79.775002,77.400002,78.065002,57.228367,6937590,-0.4931924757
2013-10-14,77.980003,78.785004,77.370003,77.68,56.946121,5733220,1.538375195
2013-10-15,77.709999,79.699997,77.089996,78.875,57.822166,9291580,-0.4437467804
2013-10-17,78.555,80.290001,78.099998,78.525002,57.565582,8734580,3.2792024929
2013-10-18,78.099998,81.790001,78.099998,81.099998,59.453274,11303760,3.3723727309
2013-10-21,81.254997,84.139999,80.57,83.834999,61.45826,11208760,0.1431508149
2013-10-22,83.5,84.790001,83.184998,83.955002,61.546238,8909740,0.0833828381
2013-10-23,84.154999,84.82,82.805,84.025002,61.597557,7605360,0.7140640334
2013-10-24,83.849998,86.199997,83.834999,84.625,62.037403,9904300,0.4903977041
2013-10-25,84,85.75,84,85.040001,62.341633,9174560,1.0289319819
2013-10-28,85.209999,86.370003,85.199997,85.915001,62.983086,9583350,0.389911031
2013-10-29,85.900002,87.589996,84.5,86.25,63.228664,17697490,-1.5767943476
2013-10-30,86.055,86.400002,84.224998,84.889999,62.231678,8131080,1.4783676571
2013-10-31,84.599998,87.050003,84.279999,86.144997,63.151691,14924560,0.4527321367
2013-11-01,85.5,88.599998,85.5,86.535004,63.437599,11476050,0.1848793174
2013-11-05,85.720001,87.495003,84.614998,86.695,63.554882,7785270,-0.363325354
2013-11-06,86.324997,87.449997,85.699997,86.379997,63.323971,5796760,0.6656689297
2013-11-07,86.105003,88.5,86.105003,86.955002,63.745499,9543140,-0.3622640086
2013-11-08,86.300003,87.845001,85.915001,86.639999,63.514572,9859210,-1.1426448721
2013-11-11,86,86.989998,84.864998,85.650002,62.788826,7703870,-2.2942314609
2013-11-12,85.355003,86.154999,83.205002,83.684998,61.348305,6526170,-0.4540826352
2013-11-13,83.220001,84.110001,82.540001,83.305,61.069733,6143940,3.8113020733
2013-11-14,84.599998,87.440002,84.339996,86.480003,63.397285,9110380,0.901939255
2013-11-18,87.5,87.800003,86.644997,87.260002,63.96909,5743530,1.6846261218
2013-11-19,87.309998,89.57,87.154999,88.730003,65.04673,7074150,0.9692216657
2013-11-20,88.589996,90.900002,88.5,89.589996,65.677177,12772210,-0.8148279577
2013-11-21,89.324997,90.150002,88.43,88.860001,65.142021,8689280,-1.5811345491
2013-11-22,89.400002,89.739998,86.724998,87.455002,64.112038,6465290,1.4864759096
2013-11-25,87.800003,89.099998,87.375,88.754997,65.065048,5100860,0.3380201917
2013-11-26,88.035004,89.540001,88.035004,89.055,65.284981,6106120,3.2676397654
2013-11-27,88.849998,92.489998,88.849998,91.964996,67.418259,8655560,-0.5056330511
2013-11-28,93,93.345001,91.035004,91.5,67.07737,8841820,0.387978837
2013-11-29,91.900002,92.900002,91.199997,91.855003,67.337616,4435770,1.6765428702
2013-12-02,91.525002,94,91.199997,93.394997,68.46656,8022250,-0.0749373125
2013-12-03,93.025002,94.324997,92.580002,93.324997,68.415253,7793290,-0.1660930787
2013-12-04,93.199997,94.190002,92.830002,93.169998,68.30162,5742100,0.0805046791
2013-12-05,94.5,94.68,92.910004,93.245003,68.356606,3876070,-0.5791086234
2013-12-06,93.199997,93.625,92.110001,92.705002,67.960747,3647460,0.3991009693
2013-12-09,94.824997,94.824997,92.095001,93.074997,68.231979,5285470,2.0735966049
2013-12-10,93.110001,95.400002,92.824997,95.004997,69.646835,7635480,-0.9473136863
2013-12-11,94.599998,94.949997,93.504997,94.105003,68.987061,4929040,-1.0148236348
2013-12-12,93.339996,94.019997,92.860001,93.150002,68.286964,3336530,-1.0681731289
2013-12-13,92.5,93.400002,91.800003,92.154999,67.557541,5013050,-0.8626749751
2013-12-16,92.199997,92.959999,90.125,91.360001,66.974739,5222130,1.1821367456
2013-12-17,92.175003,93.5,91.32,92.440002,67.766472,6180220,2.0553821955
2013-12-18,92.510002,94.775002,91.555,94.339996,69.159332,5987780,1.8019939811
2013-12-19,94.610001,96.300003,94.205002,96.040001,70.405579,7622460,0.3488217887
2013-12-20,96.300003,96.620003,95.68,96.375,70.651169,5645780,2.4072524547
2013-12-23,96.305,99.5,96.220001,98.695,72.351921,8356250,0.1722497458
2013-12-24,98.800003,99.419998,98.035004,98.864998,72.476547,5890190,1.0215966829
2013-12-26,98.599998,100.800003,98.349998,99.875,73.216965,9029620,0.8660793301
2013-12-27,99.889999,101,99.565002,100.739998,73.851082,6678510,1.4790683771
2013-12-30,101.724998,102.5,100.599998,102.230003,74.94339,8899370,-0.4988818894
2013-12-31,102.599998,102.885002,101.055,101.720001,74.569511,6193970,-0.1769597229
2014-01-01,101.980003,102.269997,101.154999,101.540001,74.437553,2592560,-0.6204354944
2014-01-02,101.764999,104,99.169998,100.910004,73.975716,13790330,-1.4914380822
2014-01-03,100.510002,100.970001,98.599998,99.404999,72.872414,7380140,4.0490877659
2014-01-06,99.870003,104.169998,99.650002,103.43,75.823082,11094920,-0.6526073419
2014-01-07,103.544998,104.620003,101.400002,102.754997,75.328255,8881400,-0.121650236
2014-01-08,102.724998,103.370003,101.800003,102.629997,75.236618,4745410,-0.0682154533
2014-01-09,102.900002,103.199997,100.779999,102.559998,75.185295,5221660,-0.224248638
2014-01-10,103,103.400002,101.519997,102.330002,75.016693,4793600,-0.3908943307
2014-01-13,102.324997,103.125,101,101.93,74.723457,6294510,-0.9271037875
2014-01-14,101.5,102.489998,100.209999,100.985001,74.030693,4514970,-1.9309828695
2014-01-15,100.824997,101.949997,98.519997,99.035004,72.601173,7431180,3.3422407652
2014-01-16,99.695,102.599998,98.620003,102.345001,75.027679,7167370,-2.2717136165
2014-01-17,102.349998,102.459999,99.199997,100.019997,73.323265,4442060,-1.319747559
2014-01-20,99.900002,101.025002,98.150002,98.699997,72.355583,4632080,0.3799333633
2014-01-21,99.050003,100.184998,98.385002,99.074997,72.630486,3877800,0.3835565688
2014-01-22,99.099998,100,98.699997,99.455002,72.909065,3302930,-0.0301471429
2014-01-23,99.445,100.735001,99.010002,99.425003,72.887085,4586290,-2.4340196895
2014-01-24,98.504997,99.480003,96.540001,97.004997,71.112999,6435990,-5.705883674
2014-01-27,96,96,90.864998,91.470001,67.055374,6295430,1.7382708208
2014-01-28,91.525002,94.650002,90.800003,93.059998,68.220978,13972210,0.263289981
2014-01-29,93.724998,94.419998,92.25,93.305,68.400597,5357420,-3.9494158216
2014-01-30,92.330002,92.370003,88.07,89.620003,65.699173,11665950,2.359962735
2014-01-31,90.199997,92.114998,89.82,91.735001,67.249649,7177520,-7.0583892564
2014-02-03,90.885002,91.489998,84.730003,85.260002,62.502907,9276840,-1.0907876653
2014-02-04,83.900002,86.5,82.625,84.330002,61.821133,8174160,0.4150538619
2014-02-05,84.764999,85.650002,83.324997,84.68,62.077724,6375620,-0.525510568
2014-02-06,85.425003,86.120003,82.764999,84.235001,61.751499,8701340,3.140029038
2014-02-07,85.599998,87.285004,84.790001,86.879997,63.690514,10627740,-2.1696653288
2014-02-10,87.010002,88.300003,84.065002,84.995003,62.308643,7592800,1.1353497138
2014-02-11,85.349998,86.644997,85.059998,85.959999,63.016064,5021260,-1.8845861271
2014-02-12,86.254997,86.525002,83.614998,84.339996,61.828472,4871450,-3.3554427805
2014-02-13,85,85,80.815002,81.510002,59.753853,5406540,2.3493765331
2014-02-14,81.589996,83.800003,80.400002,83.425003,61.157696,6479960,1.462388315
2014-02-17,83.5,85.845001,81.885002,84.644997,62.052059,4775170,2.9121805612
2014-02-18,85.595001,87.879997,85.595001,87.110001,63.859127,8108500,-0.258304502
2014-02-19,86.5,87.389999,85.849998,86.885002,63.694176,3571120,-0.1093318171
2014-02-20,86.199997,87.300003,85.25,86.790001,63.624538,5642830,2.085481548
2014-02-21,87,89,86.900002,88.599998,64.951416,6027990,-0.3611637966
2014-02-24,88.699997,89.860001,87.559998,88.279999,64.716835,6570500,-2.8545555418
2014-02-25,88.285004,89.440002,85.339996,85.760002,62.869457,8792630,0.0641360717
2014-02-26,85.894997,86.989998,84.605003,85.815002,62.909779,9460400,2.0742355493
2014-02-28,85.995003,87.949997,85.364998,87.595001,64.214676,7861200,-0.8162651167
2014-03-03,87.449997,88.129997,86.209999,86.879997,63.690514,5002660,2.5322342351
2014-03-04,86.800003,89.294998,86.614998,89.080002,65.303307,7112430,0.6623217412
2014-03-05,89.779999,90.300003,88.199997,89.669998,65.735825,7324670,1.2936325056
2014-03-06,89.699997,91.790001,89.044998,90.830002,66.586205,8871320,3.5836011378
2014-03-07,91.5,94.695,90.800003,94.084999,68.972389,9481220,3.3427361781
2014-03-10,93.525002,98.165001,93.199997,97.230003,71.277954,9860380,-3.6614224365
2014-03-11,97.800003,97.894997,93.199997,93.669998,68.668167,7460960,0.9715040158
2014-03-12,93.43,96.580002,92.639999,94.580002,69.335281,7010040,-1.8291539051
2014-03-13,94.669998,95.959999,92.279999,92.849998,68.067032,7074890,1.1739486452
2014-03-14,92.114998,94.339996,91.440002,93.940002,68.866104,6366140,0.9314321019
2014-03-18,94.324997,96.084999,94.080002,94.815002,69.507545,6786760,2.4837965432
2014-03-19,95.025002,97.699997,94.330002,97.169998,71.233971,7637420,-2.372135059
2014-03-20,97.099998,97.459999,94.285004,94.864998,69.544205,5932150,3.4575389855
2014-03-21,95.114998,98.879997,95.114998,98.144997,71.948723,9555530,-0.2241457434
2014-03-24,99.105003,99.900002,97.32,97.925003,71.787453,5735930,0.1225269825
2014-03-25,97.550003,99.839996,97.550003,98.044998,71.875412,6176300,1.7390147273
2014-03-26,98.665001,100.400002,98.504997,99.75,73.125336,7177010,0.2656521127
2014-03-27,99.900002,100.800003,98.610001,100.014999,73.319595,11328260,-1.5297684064
2014-03-28,100.5,101.095001,98.099998,98.485001,72.197975,5572950,5.1987649238
2014-03-31,98.879997,104.745003,98.599998,103.605003,75.951378,14044790,-1.2692488608
2014-04-01,104.470001,104.470001,100.355003,102.290001,74.987366,6983260,0.8358541357
2014-04-02,103.010002,104,101.239998,103.144997,75.614151,8617950,2.4916407512
2014-04-03,103.144997,106,102,105.714996,77.498184,10156330,0.671628641
2014-04-04,106,106.900002,104.610001,106.425003,78.018684,6336830,-0.5402949376
2014-04-07,106.135002,107.400002,104.809998,105.849998,77.597153,5873650,0.6140805192
2014-04-09,106.125,106.900002,105.559998,106.5,78.073662,5582160,0.7887205291
2014-04-10,106.599998,108.5,106.254997,107.339996,78.689445,4774920,-1.2669882219
2014-04-11,106.025002,107.455002,105.199997,105.980003,77.692459,8329900,-4.4678222889
2014-04-15,106,106.949997,100.300003,101.245003,74.221298,5967660,0.261730804
2014-04-16,101.095001,102.699997,99.584999,101.510002,74.415558,6801940,2.9455305569
2014-04-17,102,105.199997,100.565002,104.5,76.607491,5784390,5.0813359754
2014-04-21,105.790001,111,104.955002,109.809998,80.500175,7471300,0.988066175
2014-04-22,109.889999,112.599998,108.720001,110.894997,81.29557,9444640,0.4238250621
2014-04-23,109.800003,112.004997,109.5,111.364998,81.640121,5895760,0
2014-04-24,111.364998,111.364998,111.364998,111.364998,81.640121,0,0.0673602627
2014-04-25,111.110001,113.555,110.730003,111.440002,81.695114,5307170,0.0628042456
2014-04-28,111.5,112.900002,111.035004,111.510002,81.746422,4354150,-4.7663920997
2014-04-29,111.5,111.605003,105.779999,106.195,77.850067,4916100,1.9869141538
2014-04-30,104.605003,109,104.559998,108.305,79.396881,8012250,0.6970991719
2014-05-02,108.514999,110.309998,106.580002,109.059998,79.950356,6893020,1.292877295
2014-05-05,108.25,111.800003,108.25,110.470001,80.984016,5636820,0.6608081773
2014-05-06,111,111.779999,110.205002,111.199997,81.519165,3167930,-1.3354381145
2014-05-07,110.699997,111.080002,108.800003,109.714996,80.430527,3950870,-0.1412709878
2014-05-08,110.495003,110.495003,108.529999,109.559998,80.316902,2890720,3.354327586
2014-05-09,108.699997,113.82,108.324997,113.235001,83.010994,6863580,2.6405333732
2014-05-12,113.400002,116.870003,111.699997,116.224998,85.202927,7742990,-0.7700592258
2014-05-13,116.970001,118.5,114.18,115.330002,84.546814,6014750,1.5217131659
2014-05-14,115.510002,117.5,114.214996,117.084999,85.833374,3876290,-1.2768494921
2014-05-15,117.004997,117.974998,114.5,115.589996,84.737411,4849850,1.8427173802
2014-05-16,116.525002,125.190002,114.620003,117.720001,86.298882,9082460,5.5513094596
2014-05-19,119.205002,126,118.5,124.254997,91.0896,6487150,-1.170974513
2014-05-20,125.695,126.5,122.129997,122.800003,90.022964,5006940,-0.87133323
2014-05-21,123,123.595001,120.705002,121.730003,89.238564,3585830,-0.2793187035
2014-05-22,122.400002,123.574997,120.089996,121.389999,88.989304,2903480,4.2837249295
2014-05-23,121.480003,127.199997,120.830002,126.589996,92.801361,6490230,-2.0499343754
2014-05-26,127.5,129.539993,120.150002,123.995003,90.898994,5416590,-0.7661536936
2014-05-27,124,125,120,123.044998,90.202568,4681320,-2.0236519209
2014-05-28,121.599998,122.699997,117.135002,120.555,88.377182,8083390,0.2654406881
2014-05-29,120.495003,122.589996,120,120.875,88.611771,5385000,0.2192428814
2014-05-30,121.004997,124.985001,120.385002,121.139999,88.806046,7159220,1.2341074165
2014-06-02,122.294998,123.860001,121.025002,122.635002,89.902008,4317290,3.991510401
2014-06-03,123.120003,129.399994,123.105003,127.529999,93.490456,10836730,-0.1372043795
2014-06-04,127.625,129.199997,124.535004,127.355003,93.362183,6931900,1.5900324439
2014-06-05,128,130.5,126.165001,129.380005,94.846672,8962060,-0.4135221529
2014-06-06,129.520004,130.419998,127.300003,128.845001,94.45446,9727620,1.0982255364
2014-06-09,129.865005,131.5,128.600006,130.259995,95.491783,4695220,0.6371930452
2014-06-10,131.5,131.919998,128.119995,131.089996,96.10025,6684240,-1.3425948424
2014-06-11,130.5,132.695007,128.255005,129.330002,94.810013,6276970,0.8544013173
2014-06-12,129.300003,131.100006,128.315002,130.434998,95.620071,4816210,-3.4423369127
2014-06-13,130.434998,131.464996,125,125.945,92.328506,4894270,-1.1830419957
2014-06-16,126.489998,126.489998,122.419998,124.455002,91.236221,5221480,1.8360065571
2014-06-17,124.010002,127.394997,122.900002,126.739998,92.911324,4060440,-2.6866079317
2014-06-18,125.800003,128.440002,121.629997,123.334999,90.415161,4622770,-0.0081170015
2014-06-19,123.620003,125.489998,122.305,123.324997,90.407822,3781760,-1.0500651149
2014-06-20,122.199997,125.294998,121.589996,122.029999,89.458481,6438200,1.6594346153
2014-06-23,122,126.139999,121.330002,124.055,90.942986,5777730,0.8302795336
2014-06-24,124.525002,126.114998,124.099998,125.084999,91.698067,4030850,-1.3750671538
2014-06-25,124.699997,125.785004,123,123.364998,90.437157,3439390,-0.9524647043
2014-06-26,123.5,124.400002,121.745003,122.190002,89.575775,5100300,0.7774802953
2014-06-27,121.599998,124.190002,121.599998,123.139999,90.272209,4364440,0.4385258812
2014-06-30,123.025002,124.800003,122.5,123.68,90.668076,4534840,2.6439140497
2014-07-01,124.019997,128.475006,124.019997,126.949997,93.065262,5701600,1.6542047665
2014-07-02,127.989998,130.899994,127.800003,129.050003,94.604752,4752290,-0.1278624989
2014-07-03,129.610001,130.800003,128.080002,128.884995,94.483788,3235940,-1.4043573274
2014-07-04,128.800003,129.509995,125.660004,127.074997,93.156898,2903990,6.2675079627
2014-07-07,126.18,127.489998,122.629997,123.349998,98.995514,6880770,-3.8751533731
2014-07-08,123.480003,124.764999,117.559998,118.57,95.159286,8730960,0.8771146097
2014-07-09,118.815002,120.889999,117.425003,119.610001,95.993942,6113740,0.7148242751
2014-07-10,119.599998,123.389999,115.489998,120.464996,96.68013,6662840,-5.5617881358
2014-07-11,119.610001,120.864998,112.864998,113.764999,91.302986,6767060,1.0240519406
2014-07-14,112.815002,116.5,112.574997,114.93,92.237976,3693110,2.6624803649
2014-07-15,116,118.599998,115.800003,117.989998,94.693794,3523170,1.7798125187
2014-07-16,119.010002,120.684998,118.099998,120.089996,96.379166,3067470,2.0651309641
2014-07-17,120,123.400002,118.525002,122.57,98.369522,5490970,-0.5099160693
2014-07-18,121.879997,122.699997,120.650002,121.945,97.86792,5874450,-1.3571679055
2014-07-21,122.5,123.675003,119.220001,120.290001,96.539688,4992860,0.9310906412
2014-07-22,120.105003,122.489998,119.385002,121.410004,97.43856,6650760,-2.2897752184
2014-07-23,121.699997,122.364998,118.099998,118.629997,95.207436,6283390,3.0388655777
2014-07-24,119.220001,122.959999,117.535004,122.235001,98.100662,7186180,-3.5505448475
2014-07-25,122.309998,123.300003,116.050003,117.894997,94.617554,7516010,1.2129451159
2014-07-28,117.849998,119.699997,116.690002,119.324997,95.765213,3435780,-0.8380402182
2014-07-30,119.190002,120.235001,116.165001,118.324997,94.962662,3959920,-0.2450805349
2014-07-31,118.044998,119.864998,117.410004,118.035004,94.729927,6920560,-0.9276973263
2014-08-01,117.464996,120.980003,114.5,116.940002,93.85112,11413800,1.1501674141
2014-08-04,118.599998,119.934998,116.830002,118.285004,94.930565,5369610,0.8538556576
2014-08-05,118.5,119.800003,117.010002,119.294998,95.741135,3663610,-2.0788702787
2014-08-06,118.32,120.139999,116.199997,116.815002,93.750801,3978830,0.607799607
2014-08-07,117,119.129997,116.400002,117.525002,94.320618,4116280,-1.7400606938
2014-08-08,116.510002,117.370003,113.910004,115.480003,92.679382,6494630,0.5801851376
2014-08-11,116.5,117.279999,114.925003,116.150002,93.217094,4072400,0.8092968442
2014-08-12,116.5,117.400002,115.709999,117.089996,93.971497,3737670,0.4782641698
2014-08-13,116.565002,118.574997,115.5,117.650002,94.420929,7667550,8.2872971945
2014-08-14,117.264999,127.989998,117.264999,127.400002,102.245872,13958840,0.1452146645
2014-08-18,127,129.289993,124.885002,127.584999,102.394348,10810840,0.7994620953
2014-08-19,129.485001,129.949997,127.199997,128.604996,103.212952,7098360,-0.0777557452
2014-08-20,129,130,127,128.505005,103.132698,6135140,-0.8326573596
2014-08-21,128.5,128.824997,126.014999,127.434998,102.273956,3289410,1.2084669923
2014-08-22,127.5,129.5,127.199997,128.975006,103.509903,4820790,-3.7061526374
2014-08-25,129.5,129.5,123.279999,124.195,99.673668,7707990,0.6401279423
2014-08-26,124,126.764999,123.510002,124.989998,100.311707,5380840,0.3120303795
2014-08-27,126.099998,126.599998,124.400002,125.379997,100.62471,4635680,-0.8135367545
2014-08-28,125.504997,125.800003,123.519997,124.360001,99.806091,6796990,6.2198628739
2014-09-01,124.610001,132.990005,118.800003,132.095001,106.013893,8387520,-0.0832928567
2014-09-02,132,136.649994,129.5,131.985001,105.925591,8189690,-1.9358211558
2014-09-03,132.110001,133.059998,128.309998,129.429993,103.875061,5840220,-0.9928080812
2014-09-04,129.429993,130.820007,127,128.145004,102.843781,6277150,2.1889189391
2014-09-05,128.899994,132.100006,128.009995,130.949997,105.094948,6256580,1.878598389
2014-09-08,131.100006,133.794998,130.565002,133.410004,107.06926,4122570,0.1911174132
2014-09-09,133.005005,134.425003,131.339996,133.664993,107.273888,4542960,0.1346739665
2014-09-10,132.619995,134.199997,131.75,133.845001,107.418358,3923290,-0.0635105593
2014-09-11,133.850006,135,132.509995,133.759995,107.350136,4303960,0.7065012009
2014-09-12,135,135,132.300003,134.705002,108.108566,3322190,-1.0244664609
2014-09-15,133.119995,134.660004,132.699997,133.324997,107.00103,3490530,-4.3277714243
2014-09-16,133.005005,134.600006,127.050003,127.555,102.37027,5184620,2.7635142508
2014-09-17,128.514999,131.5,128.154999,131.080002,105.199287,5810720,1.4876412613
2014-09-18,130.505005,133.600006,130.264999,133.029999,106.764275,3121120,-3.736010009
2014-09-19,133.130005,133.800003,127.404999,128.059998,102.775551,10998660,-2.5339547924
2014-09-22,127.889999,128.744995,123.93,124.815002,100.171265,4707520,-3.3890177987
2014-09-23,124.900002,126.084999,119.669998,120.584999,96.776443,4551720,1.4346683521
2014-09-24,120.625,124.279999,118,122.315002,98.164864,6474750,-3.2498165535
2014-09-25,121.900002,122.845001,117.195,118.339996,94.974686,4231440,3.3969978063
2014-09-26,117.610001,123.480003,117.599998,122.360001,98.200974,3580510,-1.1686767995
2014-09-29,122,123.589996,120.419998,120.93,97.053322,2450340,-4.4033742606
2014-09-30,120,125,114.5,115.605003,92.779701,6167940,1.7603009951
2014-10-01,115,118.464996,114.754997,117.639999,94.412903,4780650,-2.120876423
2014-10-07,117,119.849998,114.464996,115.144997,92.410522,4429790,2.006170899
2014-10-08,115.089996,117.995003,113.805,117.455002,94.264435,3733390,3.3076472585
2014-10-09,118.599998,121.779999,117.754997,121.339996,97.38237,4369230,-5.7853972952
2014-10-10,120.599998,120.599998,113.129997,114.32,91.748413,6544620,-0.2361697526
2014-10-13,114.095001,115.080002,112.404999,114.050003,91.531731,6146300,0.2323533027
2014-10-14,114.510002,116.400002,111.555,114.315002,91.744408,8308940,0
2014-10-15,114.315002,114.315002,114.315002,114.315002,91.744408,0,-4.3651445219
2014-10-16,114.315002,114.730003,107.605003,109.324997,87.739632,10148490,3.5078925337
2014-10-17,109.300003,115,108.504997,113.160004,90.817444,7722900,1.2460326454
2014-10-20,115.099998,115.894997,111.900002,114.57,91.949059,3515780,2.6446676306
2014-10-21,115,118.599998,114.855003,117.599998,94.380806,6091310,2.11733729
2014-10-22,118.800003,120.980003,118.099998,120.089996,96.379166,4001280,2.7063131051
2014-10-27,121.900002,125.589996,120.254997,123.339996,98.987488,9645830,-1.893138252
2014-10-28,118.5,122.199997,118,121.004997,97.113518,7957880,3.1279620619
2014-10-29,121.510002,125.495003,120.684998,124.790001,100.151192,5067480,-0.0961536234
2014-10-30,123.790001,126,123.660004,124.669998,100.054893,7350690,1.2873953101
2014-10-31,125.220001,127,124.514999,126.275002,101.342995,6549280,-0.7642047682
2014-11-03,126.599998,127.495003,124.305,125.309998,100.568527,3385250,-1.651901494
2014-11-05,125.400002,126.019997,122.525002,123.239998,98.907234,3667350,-1.756738036
2014-11-07,123.800003,123.800003,120.559998,121.074997,97.169693,5692610,1.7220719222
2014-11-10,121.489998,123.800003,120.114998,123.160004,98.843025,5981520,1.2260531282
2014-11-11,123.199997,124.879997,122.199997,124.669998,100.054893,5204050,-1.7526309283
2014-11-12,124.099998,124.995003,122.120003,122.485001,98.3013,6225160,-1.5797919254
2014-11-13,123.099998,123.629997,119.595001,120.550003,96.748344,5057720,2.642063827
2014-11-14,120.720001,125,120.5,123.735001,99.304497,8139910,0.0282877421
2014-11-17,124,124.315002,121.410004,123.769997,99.332588,4135840,0.4686125766
2014-11-18,124.080002,127.199997,123.599998,124.349998,99.798073,7948910,-2.7422543519
2014-11-19,124.400002,125.459999,120.400002,120.940002,97.061356,6683370,0.1281550198
2014-11-20,121.400002,121.894997,119.934998,121.095001,97.185745,3071640,-1.7672097899
2014-11-21,120.510002,121.690002,118.300003,118.955002,95.468269,3260770,2.7825622354
2014-11-24,119.794998,123.379997,119.794998,122.264999,98.124733,4129430,-2.3718943521
2014-11-25,122.800003,122.949997,118,119.364998,95.797318,5519730,-0.17591933
2014-11-26,119.5,120.699997,117.629997,119.154999,95.628792,4555780,0.3063125591
2014-11-27,119.495003,120.864998,118.754997,119.519997,95.921715,3700570,0.4769003557
2014-11-28,120.010002,122,119.620003,120.089996,96.379166,4352810,-2.3773633816
2014-12-01,120,121.955002,116.754997,117.235001,94.087883,5190950,0.3752916834
2014-12-02,117,118.800003,116,117.675003,94.440987,4600390,-0.5438592038
2014-12-03,117.5,118.894997,116.165001,117.035004,93.927361,3945540,-0.1452579936
2014-12-04,117.400002,117.949997,115.220001,116.864998,93.790924,3855940,-0.6802779766
2014-12-05,116.800003,118.5,115.300003,116.07,93.152885,3686930,-2.4855655303
2014-12-08,116.205002,116.915001,112.199997,113.184998,90.837509,3577460,-2.1027514086
2014-12-09,112.099998,113.184998,110,110.805,88.927422,4403100,0.8618725054
2014-12-10,111.050003,113.455002,110.839996,111.760002,89.693863,4011650,-0.344486222
2014-12-11,111.105003,113.150002,110.160004,111.375,89.38488,3123120,-0.6419765849
2014-12-12,111.985001,112.904999,109.754997,110.660004,88.81105,3024560,-1.346454073
2014-12-15,109.550003,111.739998,108.080002,109.169998,87.61525,5038900,-5.6654851752
2014-12-16,108.529999,109.199997,102.139999,102.985001,82.651421,5109760,-0.4029718981
2014-12-17,102.199997,104.349998,99.360001,102.57,82.318359,6916990,1.1601883366
2014-12-18,103.330002,106.800003,103,103.760002,83.273407,6801760,1.821505874
2014-12-19,104.550003,108.900002,104.300003,105.650002,84.790237,6809730,1.4576430539
2014-12-22,105.709999,108.364998,105,107.190002,86.026176,3405890,-2.5188937841
2014-12-23,107.599998,108.199997,103.5,104.489998,83.859268,3718810,-0.8661153589
2014-12-24,103.605003,106.099998,102.805,103.584999,83.13295,4917300,1.0088370496
2014-12-26,103.5,105.345001,102.514999,104.629997,83.971626,2796200,2.188659536
2014-12-29,104.794998,108.669998,104.794998,106.919998,85.809479,4637550,-2.272722108
2014-12-30,107.154999,107.82,103.705002,104.489998,83.859268,3118020,0.2727533944
2014-12-31,104.699997,105.949997,104.055,104.775002,84.087997,3015260,1.7322840976
2015-01-01,104.889999,107.199997,104.199997,106.589996,85.54464,2674400,0.3049086419
2015-01-02,107.010002,107.900002,106.330002,106.915001,85.805473,3664240,-0.2384964418
2015-01-05,106.915001,108.699997,105.800003,106.660004,85.60083,3392870,-3.6471094965
2015-01-06,105.410004,105.894997,102.055,102.769997,82.478874,5549800,-1.5422809967
2015-01-07,101.599998,102.580002,99.724998,101.184998,81.206818,5286870,1.0129888355
2015-01-08,102.5,103.489998,99.860001,102.209999,82.029434,4780810,-0.8952018369
2015-01-09,102.699997,103.5,100.404999,101.294998,81.295105,5046040,-1.2093360357
2015-01-12,101.004997,101.199997,99.764999,100.07,80.311974,2409440,-0.7245046673
2015-01-13,100.595001,101.400002,98.915001,99.345001,79.73011,5067780,-2.5366238677
2015-01-14,99.5,99.800003,96.305,96.824997,77.707657,5881870,0.2788631241
2015-01-15,97.794998,98.800003,95.665001,97.095001,77.924355,6814340,0.9784206748
2015-01-16,97.370003,99.254997,96.095001,98.044998,78.686783,4952730,-0.3875746197
2015-01-19,98.599998,99.209999,97.230003,97.665001,78.381813,3389350,2.9130214174
2015-01-20,97.955002,100.824997,97.875,100.510002,80.665092,6121230,-0.5123827293
2015-01-21,101.010002,101.300003,98.199997,99.995003,80.251778,5028900,-0.6700312609
2015-01-22,100.099998,100.959999,98.620003,99.324997,79.714066,3852690,2.2199821045
2015-01-23,101,102.099998,99.5,101.529999,81.483704,5485050,0.1181892762
2015-01-27,101.605003,102.419998,100.154999,101.650002,81.580009,4699280,-2.1101934421
2015-01-28,101.5,101.699997,99,99.504997,79.858513,4527080,0.2110495095
2015-01-29,99.379997,100.275002,97.834999,99.714996,80.027054,7116890,-1.9756318907
2015-01-30,99.599998,100.544998,95.764999,97.745003,78.446014,8125080,2.0001028988
2015-02-02,97.824997,100.959999,97.705002,99.699997,80.015015,4969410,-1.1534535112
2015-02-03,99.699997,100.595001,97.800003,98.550003,79.092079,5147100,0.9639751662
2015-02-04,98.800003,100.760002,98.699997,99.5,79.854507,4891080,-1.859288919
2015-02-05,99.599998,100,97.125,97.650002,78.369781,5187440,-1.6026636594
2015-02-06,97.879997,98.470001,95.400002,96.084999,77.113777,4718950,-2.5758406309
2015-02-09,95,95.394997,92.199997,93.610001,75.127449,7214190,0.267063507
2015-02-10,93.300003,96.389999,92.705002,93.860001,75.328087,4334980,4.181760251
2015-02-11,93.690002,98.980003,93.690002,97.785004,78.478127,4968810,-0.6135938999
2015-02-12,98.110001,98.690002,96.150002,97.184998,77.99659,4874410,1.4559764728
2015-02-13,97.980003,99.940002,97.199997,98.599998,79.132202,6535110,0.5273908592
2015-02-16,99.199997,100.305,98.519997,99.120003,79.549538,4547420,-1.8159791198
2015-02-18,99.379997,100.040001,97,97.32,78.104935,4624720,6.6173437056
2015-02-19,97.879997,105.199997,97.514999,103.760002,83.273407,10900420,-1.2866184279
2015-02-20,105.010002,105.809998,102.035004,102.425003,82.201996,6068460,-2.6458505947
2015-02-23,102.800003,103.285004,99.125,99.714996,80.027054,6027130,2.2664610395
2015-02-24,100,103.279999,98.144997,101.974998,81.840836,6011050,-1.9220404836
2015-02-25,103.470001,103.489998,99.464996,100.014999,80.267822,3899270,-0.789868199
2015-02-26,100.800003,101.449997,98.5,99.224998,79.633812,6711410,1.4713976018
2015-03-02,101.699997,102.195,99.120003,100.684998,80.805542,5523170,-0.516459626
2015-03-03,100.300003,102.300003,99.474998,100.165001,80.388214,7891180,-0.968410618
2015-03-04,102,102.169998,98.510002,99.195,79.609726,9128560,-0.0352858896
2015-03-05,101.099998,101.769997,98.32,99.160004,79.581635,6330360,-3.217021113
2015-03-09,99.580002,99.580002,95.610001,95.970001,77.021477,4438780,-1.5786064451
2015-03-10,96.5,96.75,94,94.455002,75.805611,4668640,-1.47159951
2015-03-11,95,95.315002,92.720001,93.065002,74.690056,4492530,2.3102057923
2015-03-12,93.5,96.489998,93.5,95.214996,76.41555,4538010,-0.9714907502
2015-03-13,95.599998,96.014999,93.309998,94.290001,75.67318,4327990,-2.5453403703
2015-03-16,95.014999,95.260002,91.5,91.889999,73.74704,4202320,2.0241612409
2015-03-17,92.68,94.269997,91.599998,93.75,75.239799,7781370,0.2026706637
2015-03-18,95.099998,95.294998,93.199997,93.940002,75.392288,5779120,1.1070946673
2015-03-19,95,96.5,94.364998,94.980003,76.226952,8020320,-3.0374873181
2015-03-20,94.949997,95.235001,91.550003,92.095001,73.911568,7733800,-0.2986041373
2015-03-23,92.195,93.400002,90.724998,91.82,73.690865,6487970,-1.7044242865
2015-03-24,91.82,92.275002,89.474998,90.254997,72.43486,6518910,0.8088218849
2015-03-25,89.889999,91.199997,89.610001,90.985001,73.020729,6553330,-2.7477142826
2015-03-26,90.805,90.805,88.019997,88.485001,71.014328,9654280,3.0570182964
2015-03-27,88.654999,91.900002,88.654999,91.190002,73.185249,5649210,0.0109571261
2015-03-30,91.794998,92.209999,89.599998,91.199997,73.193268,5256430,-0.5975768154
2015-03-31,92.510002,92.555,90.205002,90.654999,72.755882,6867990,0.3419586062
2015-04-01,90.889999,91.519997,90,90.964996,73.004677,6922890,-0.9728952023
2015-04-06,91.5,91.5,89.230003,90.080002,72.294418,4374650,4.0852393334
2015-04-07,90.5,94.235001,90.110001,93.760002,75.247818,7755090,-0.5972598435
2015-04-08,94.199997,94.584999,91.525002,93.199997,74.798393,5392850,2.221027663
2015-04-09,93.5,96,91.849998,95.269997,76.459686,12583240,-0.0839671248
2015-04-10,95.300003,96.699997,93.714996,95.190002,76.395485,7937210,-1.0085072436
2015-04-13,95.199997,96.400002,93.599998,94.230003,75.625031,6359160,-1.4379775924
2015-04-15,94.199997,95.120003,92.199997,92.875,74.53756,2821510,1.3835910379
2015-04-16,92.864998,94.790001,92.599998,94.160004,75.568855,5075540,1.5558565761
2015-04-17,94.489998,97.970001,93.559998,95.625,76.744598,8209560,0.6744969854
2015-04-20,96.214996,98.25,94.705002,96.269997,77.262238,9552170,-1.2724508446
2015-04-21,96.580002,97.400002,94.5,95.044998,76.279114,7361470,1.0521241765
2015-04-22,95.5,96.800003,94.5,96.044998,77.081665,6337680,2.6133672644
2015-04-23,97,99.300003,96.800003,98.555,79.096092,9871930,-2.937442219
2015-04-24,98.714996,99.330002,94.879997,95.660004,76.77269,6996390,-1.9757520545
2015-04-27,95.900002,96.589996,92.720001,93.769997,75.255852,6627080,0.7998128837
2015-04-28,93.400002,95.199997,92.855003,94.519997,75.857758,5288140,1.2642872994
2015-04-29,94.644997,96.235001,93.915001,95.714996,76.816818,7560010,-2.606685687
2015-04-30,95.099998,95.300003,92.364998,93.220001,74.814445,11020710,0.6168220589
2015-05-04,93.510002,94.379997,92.699997,93.794998,75.275917,5246220,3.7581979905
2015-05-05,93.980003,98,93.745003,97.32,78.104935,10561070,-4.3875819114
2015-05-06,96.900002,98.684998,92.309998,93.050003,74.678017,10232380,-4.7985044916
2015-05-07,93.050003,93.050003,87.5,88.584999,71.094589,11635160,0.4967002482
2015-05-08,89,90.589996,88.510002,89.025002,71.447716,5131440,1.454649719
2015-05-11,90,91.794998,89.720001,90.32,72.48703,5153220,-2.5409690534
2015-05-12,90.474998,90.555,87.504997,88.025002,70.645157,4680170,0.7554643838
2015-05-13,88.400002,89.5,87.199997,88.690002,71.178856,4058420,2.1704788287
2015-05-14,88.800003,91.199997,88.129997,90.614998,72.723778,7651120,-3.2941605426
2015-05-15,89.900002,90,87,87.629997,70.32814,9518340,4.0568341492
2015-05-18,86.800003,91.480003,86.309998,91.184998,73.181236,11468510,1.1789292545
2015-05-19,91.199997,92.849998,90.415001,92.260002,74.043991,5676590,-0.0812976167
2015-05-20,92.639999,93.235001,91.099998,92.184998,73.983795,7037340,0.2061113518
2015-05-21,92.209999,93.059998,90.099998,92.375,74.136284,4802760,-0.1732188249
2015-05-22,92.459999,92.834999,91.5,92.214996,74.007866,3927750,-1.6211979413
2015-05-25,92.910004,92.910004,89.985001,90.720001,72.808052,5750540,1.1022942902
2015-05-26,90.995003,92.110001,90.199997,91.720001,73.610611,7177390,0.2998249804
2015-05-27,90.839996,92.375,90.5,91.995003,73.831314,4805630,-0.4185080601
2015-05-28,91.900002,92.400002,90.610001,91.610001,73.522324,11219240,0.0218328245
2015-05-29,91.230003,93.400002,90.610001,91.629997,73.538376,10605550,-0.769388761
2015-06-01,91.510002,91.900002,90.529999,90.925003,72.97258,4258610,-3.4039155529
2015-06-02,91.294998,91.294998,87.07,87.830002,70.488655,5754810,0.1480238203
2015-06-03,87.870003,88.650002,86.355003,87.959999,70.592995,8761200,-0.3694899189
2015-06-04,87.5,88.699997,86.544998,87.635002,70.332161,7729490,0.0171173469
2015-06-05,86.995003,88.669998,86.535004,87.650002,70.3442,8229870,-0.7644013295
2015-06-08,88.400002,88.669998,86.550003,86.980003,69.806488,5166440,0.8220296085
2015-06-09,86.989998,88.080002,86.044998,87.695,70.380318,4727310,1.7902860285
2015-06-10,87.550003,90,87.105003,89.264999,71.640327,5654990,-2.1845056626
2015-06-11,89.599998,90.800003,86.639999,87.315002,70.07534,4452290,-3.4301025154
2015-06-12,87.18,87.599998,83.739998,84.32,67.671684,4580260,-0.1008132146
2015-06-15,83.824997,85.875,83.525002,84.235001,67.603462,4378810,-0.2849129235
2015-06-16,83.964996,84.480003,83.150002,83.995003,67.410851,4280320,3.2859057068
2015-06-17,84.555,88.599998,83.639999,86.754997,69.625908,10907940,1.9191965152
2015-06-18,86.129997,89,85.099998,88.419998,70.962166,7617470,2.4315689575
2015-06-19,89.580002,91.169998,88.375,90.57,72.68766,7238090,-0.0662409548
2015-06-22,90.949997,91.5,90.199997,90.510002,72.639511,3951510,0.3259217976
2015-06-23,90.43,91.349998,90.214996,90.805,72.876259,3884370,-1.6408759401
2015-06-24,91.199997,91.599998,89,89.315002,71.68045,5687440,1.6122750345
2015-06-25,88.324997,91.300003,88.084999,90.754997,72.836136,8601380,-1.6638183552
2015-06-26,89.940002,90.599998,88.209999,89.245003,71.624275,3960230,-2.3530723348
2015-06-29,87.800003,88,86,87.144997,69.938904,5583010,0.0918072722
2015-06-30,87,87.900002,86.355003,87.224998,70.003113,7938510,2.2069332831
2015-07-01,87.5,89.400002,87.400002,89.150002,71.548035,3296610,-0.6001324844
2015-07-02,90.199997,90.309998,88.309998,88.614998,71.118652,3106730,-1.9409619856
2015-07-03,88.599998,89.5,86.709999,86.894997,69.738266,3720950,16.1143625223
2015-07-06,85.875,88.470001,84.415001,88.125,80.976143,4158290,-0.5390019626
2015-07-07,88.199997,88.864998,87,87.650002,80.53968,5258970,-3.1602993704
2015-07-08,86.945,87.300003,84.334999,84.879997,77.994385,5448450,-1.1545767045
2015-07-09,85.099998,85.949997,83.459999,83.900002,77.09388,4946930,-1.0846282481
2015-07-10,84.989998,84.989998,81.800003,82.989998,76.257698,8017040,0.5904505536
2015-07-13,83.510002,84.050003,81.995003,83.480003,76.707962,6870270,-0.4492219465
2015-07-14,84.004997,84.489998,82.705002,83.105003,76.363373,8426850,-0.776123391
2015-07-15,83.485001,84.150002,82.150002,82.459999,75.770699,8968070,5.3116587983
2015-07-16,83,87.25,82.535004,86.839996,79.79538,8516860,-1.1630535502
2015-07-17,86.68,86.68,85.349998,85.830002,78.867317,6176700,-0.7223549902
2015-07-20,85.695,86.550003,85,85.209999,78.297615,3209170,-1.8835720603
2015-07-21,85.400002,85.489998,83.025002,83.605003,76.822823,3706860,2.7510197067
2015-07-22,83.389999,86.199997,83,85.904999,78.936234,3978610,0.0523853215
2015-07-23,86.199997,86.75,85.254997,85.949997,78.977585,3992610,-1.6346701409
2015-07-24,85.900002,86.870003,84.050003,84.544998,77.686562,3543340,-3.7258322746
2015-07-27,84.199997,84.589996,81.099998,81.394997,74.792091,3971970,-0.5159970725
2015-07-28,81.599998,82.5,80,80.974998,74.406166,5514530,0.4075334294
2015-07-29,80.955002,81.875,80.004997,81.305,74.709396,6404220,4.5630712903
2015-07-30,80.995003,85.5,80.239998,85.014999,78.118439,17834280,-2.1996189658
2015-07-31,85,85.375,82.540001,83.144997,76.400131,5538730,0.3127049612
2015-08-03,83.099998,84.25,81.900002,83.404999,76.639038,4551710,5.479285896
2015-08-04,83.900002,89.364998,82.550003,87.974998,80.83831,10741830,0.7388514183
2015-08-05,89,91.349998,88.400002,88.625,81.435585,7235960,1.8110019103
2015-08-06,88.800003,91.199997,87.114998,90.230003,82.910385,7855920,2.2331822485
2015-08-07,90.300003,93.080002,89.849998,92.245003,84.761925,6474440,-0.6883857345
2015-08-10,92.199997,93.495003,90.800003,91.610001,84.178436,5391170,-2.1613385642
2015-08-11,91.205002,92.114998,88.959999,89.629997,82.359055,7367360,-2.0919387674
2015-08-12,88.985001,91.245003,87.254997,87.754997,80.636154,11933060,-2.307548051
2015-08-13,88.5,89.800003,85.125,85.730003,78.775436,11228220,5.0507330737
2015-08-14,86.5,90.349998,85.519997,90.059998,82.754173,9206130,7.3506601292
2015-08-17,90,97.669998,90,96.68,88.837151,14490780,2.0997048859
2015-08-18,97.25,101.300003,95.415001,98.709999,90.702469,20205650,-1.2460642058
2015-08-19,98.5,99.5,95.650002,97.480003,89.572258,8608640,-1.3592623734
2015-08-20,96.154999,98,95.309998,96.154999,88.354736,16718320,-1.4975948771
2015-08-21,94.199997,95.300003,93.110001,94.714996,87.03154,11999950,-8.4833371902
2015-08-24,91,91.474998,85.5,86.68,79.648361,9891320,2.4688618514
2015-08-25,87.904999,90,82.870003,88.82,81.614769,7624140,0.3546367937
2015-08-26,88.599998,91.050003,86,89.135002,81.904205,7803800,4.5717286432
2015-08-27,89.900002,93.754997,89.654999,93.209999,85.648643,12623000,-0.6651699082
2015-08-28,95,95.084999,91.260002,92.589996,85.078934,5894790,-0.6318191528
2015-08-31,92.900002,93.394997,91.205002,92.004997,84.541389,4991240,-1.9564192398
2015-09-01,90.315002,91.739998,89.300003,90.205002,82.887405,5320170,-1.2194434124
2015-09-02,90.300003,92.5,88.529999,89.105003,81.87664,7482190,4.3712504568
2015-09-03,89.699997,94,89.449997,93,85.455673,8770500,-2.8548379696
2015-09-04,92.5,92.745003,89.205002,90.345001,83.016052,5668230,-1.4001822202
2015-09-07,90.605003,91.849998,88.555,89.080002,81.853676,6717090,5.8206072504
2015-09-08,89.5,95,89.099998,94.264999,86.618057,9845560,4.1266684151
2015-09-09,96.879997,99.900002,95.474998,98.154999,90.192497,11875490,-0.6010976722
2015-09-10,96.650002,98.650002,95.245003,97.565002,89.650352,8878750,-1.2350715589
2015-09-11,98.404999,98.775002,95.699997,96.360001,88.543106,6720540,3.0770097448
2015-09-14,98.019997,99.949997,96.360001,99.324997,91.267586,8455250,-4.5356190313
2015-09-15,99.849998,100.580002,94.309998,94.82,87.128036,9069490,0.2372933094
2015-09-16,95.699997,96.540001,94.099998,95.044998,87.334785,6624530,-0.6470606185
2015-09-18,96.099998,97.699997,92.620003,94.43,86.769676,14930770,-1.9220654921
2015-09-21,93.510002,94.769997,92.330002,92.614998,85.101906,8287470,-1.5548194655
2015-09-22,92.805,93.370003,90.309998,91.175003,83.778725,7904700,-4.102013966
2015-09-23,89.989998,89.989998,86.555,87.434998,80.34211,10533450,0.6805210866
2015-09-24,87,89.550003,86.410004,88.029999,80.888855,9277560,-1.7437309503
2015-09-28,88.099998,88.75,85.809998,86.495003,79.478371,5006510,-2.8672165412
2015-09-29,84.025002,85.995003,83.010002,84.014999,77.199554,6367450,5.8441995662
2015-09-30,85.800003,89.480003,85.224998,88.925003,81.71125,9580920,-1.4450433692
2015-10-01,88.800003,88.949997,87.199997,87.639999,80.530487,5778190,3.628482962
2015-10-05,88.300003,91.300003,87.919998,90.82,83.452522,8785890,-0.8643393665
2015-10-06,91.379997,91.589996,89.760002,90.035004,82.731209,7584600,1.6326922045
2015-10-07,90.489998,92.370003,89.754997,91.504997,84.081955,9421310,-0.1693894962
2015-10-08,91.400002,92.790001,90.199997,91.349998,83.939529,7572770,-0.4543032401
2015-10-09,92.400002,93.099998,90.555,90.934998,83.558189,7588200,-0.7422839191
2015-10-12,91.389999,92.485001,89.300003,90.260002,82.93795,10185530,1.6563201767
2015-10-13,90.400002,92.055,89.129997,91.754997,84.311668,9713860,-1.3296202371
2015-10-14,91.300003,94.099998,90.065002,90.535004,83.190643,10874710,0.8118425049
2015-10-15,91,92.199997,90.004997,91.269997,83.86602,8789130,-1.7256607622
2015-10-16,91.400002,92,89.525002,89.695,82.418777,6739690,-0.7023642197
2015-10-19,89.730003,90.690002,88.245003,89.065002,81.839897,8540960,0.3256015828
2015-10-20,88.900002,90.400002,88.449997,89.355003,82.106369,11650600,1.4100928029
2015-10-21,89.154999,91.379997,88.699997,90.614998,83.264145,11028970,1.0373576766
2015-10-23,91.900002,92.099998,90.190002,91.555,84.127892,11081350,-0.7372667795
2015-10-26,91.900002,92.5,90.614998,90.879997,83.507645,6851330,0.2640991732
2015-10-27,90.535004,91.5,89.68,91.120003,83.728188,6490770,0.0548632439
2015-10-28,90.870003,91.684998,90.504997,91.169998,83.774124,5870970,1.0749202224
2015-10-29,90.919998,92.495003,90.57,92.150002,84.674629,13032360,-1.2099681004
2015-10-30,92.099998,93.980003,90.714996,91.035004,83.650093,8594130,-1.5818225092
2015-11-02,91.089996,91.580002,88.764999,89.595001,82.326897,5215560,-0.262289735
2015-11-03,89.919998,90.555,88.800003,89.360001,82.110962,4467130,-0.1622682243
2015-11-04,89.699997,90.474998,89.010002,89.214996,81.977722,3418680,-2.2866017185
2015-11-05,89.050003,89.394997,86.82,87.175003,80.103218,6709440,0.2007372538
2015-11-06,86.605003,88.099998,85.610001,87.349998,80.264015,4956020,1.4481819779
2015-11-09,85.889999,93.459999,85.660004,88.614998,81.426384,4956590,-1.5234361875
2015-11-10,88.010002,88.205002,86.800003,87.264999,80.185905,3870870,4.3431074327
2015-11-13,87.410004,91.699997,87.050003,91.055,83.668465,5458020,-0.4557750641
2015-11-16,90.489998,92,89.269997,90.639999,83.287125,6734140,-1.3073665347
2015-11-17,90.82,91.800003,89.099998,89.455002,82.198257,5019240,-0.9949140406
2015-11-18,89.480003,90.220001,87.900002,88.565002,81.380455,5359600,2.190462071
2015-11-19,88.864998,90.790001,88.864998,90.504997,83.163063,4458160,-1.0993678768
2015-11-20,90.699997,91.349998,89.269997,89.510002,82.248795,6360600,-0.580947113
2015-11-23,89.620003,90.195,88.230003,88.989998,81.770973,3245890,-0.3652115036
2015-11-24,88.495003,89.849998,88.135002,88.665001,81.472336,5396450,0.6936207156
2015-11-26,89.099998,89.900002,88.110001,89.279999,82.037445,7810390,-2.3241362527
2015-11-27,89.290001,90.339996,87.010002,87.205002,80.130783,8163250,3.835778068
2015-11-30,87.099998,90.980003,87.07,90.550003,83.204422,12445090,4.2241853444
2015-12-01,89.199997,94.870003,89.114998,94.375,86.719131,16148990,3.9735107585
2015-12-02,94.625,98.459999,93.900002,98.125,90.164925,19082900,-0.4535000722
2015-12-03,97.800003,99.400002,96.699997,97.68,89.756027,12941730,-0.6244884257
2015-12-04,97.400002,97.794998,96.285004,97.07,89.195511,10064690,0.2472489899
2015-12-07,97.309998,98.175003,96.254997,97.309998,89.416046,11031530,-1.2691446902
2015-12-08,97.125,97.544998,95.760002,96.074997,88.281227,5796190,-1.9672211851
2015-12-09,95.925003,96,93.919998,94.184998,86.54454,6127490,1.9907679907
2015-12-10,94.300003,96.610001,93.555,96.059998,88.267441,8144990,0.7599449949
2015-12-11,96.599998,98.370003,95.699997,96.790001,88.938225,9911290,5.4344439638
2015-12-14,96.900002,102.5,96.714996,102.050003,93.771523,19498000,-0.7104331664
2015-12-15,102.290001,102.690002,100.419998,101.324997,93.105339,7208880,-0.4293190963
2015-12-16,101.699997,102.900002,99.830002,100.889999,92.70562,7149120,3.8556799469
2015-12-17,101,105.470001,101,104.779999,96.280052,14684980,-1.9850996757
2015-12-18,104.32,104.650002,102.220001,102.699997,94.368797,8950620,1.8841301961
2015-12-21,103.400002,105.485001,102.949997,104.635002,96.146828,6490730,-0.8171304414
2015-12-22,104.32,105.650002,103.510002,103.779999,95.361183,6015270,1.3201031703
2015-12-23,104.504997,105.559998,104.209999,105.150002,96.620049,5577540,1.3124015286
2015-12-24,106.199997,107.199997,104.775002,106.529999,97.888092,4649690,-3.3933974318
2015-12-28,106.705002,106.879997,102.360001,102.915001,94.56636,6017430,0.6267207493
2015-12-29,103.199997,104.769997,102.849998,103.559998,95.159027,6974600,-0.7821570097
2015-12-30,104.050003,105,101.75,102.75,94.414734,6161680,0.4574254268
2015-12-31,102.800003,103.900002,102,103.220001,94.846611,6390350,-0.5037755118
2016-01-01,102.889999,103.68,102.050003,102.699997,94.368797,4507190,1.7234711596
2016-01-04,102.300003,106.099998,101.830002,104.470001,95.995216,12127750,3.675692547
2016-01-05,105.610001,109.135002,105.224998,108.309998,99.523705,14205180,-2.2989598307
2016-01-06,108.300003,109.699997,105.199997,105.82,97.235695,8015450,-3.0098288494
2016-01-07,103.525002,104.599998,102.254997,102.635002,94.309067,5304630,1.4419949675
2016-01-08,103.489998,104.764999,102.599998,104.114998,95.668999,7315670,-2.0650148122
2016-01-11,102.904999,103.269997,100.824997,101.964996,93.69342,5261390,-0.6717995778
2016-01-12,102.489998,103.014999,100.25,101.279999,93.063988,5909770,-0.8984936257
2016-01-13,101.949997,102.489998,98.029999,100.370003,92.227814,10572110,-0.0249165615
2016-01-14,98.699997,101.794998,97.43,100.345001,92.204834,7062470,-3.089336943
2016-01-15,101.099998,101.290001,96.75,97.245003,89.356316,5723680,1.9024060929
2016-01-18,97.355003,101.800003,95.300003,99.095001,91.056236,9450200,0.7669513157
2016-01-19,99.695,101,98.290001,99.855003,91.754593,6397290,2.5336639006
2016-01-20,98.260002,104.489998,97.614998,102.385002,94.079346,7868100,0.1465061205
2016-01-21,103.559998,104.440002,99.699997,102.535004,94.217178,9454590,4.1595535795
2016-01-22,103.599998,107.345001,102.919998,106.800003,98.136192,8586730,3.6750947092
2016-01-25,107,111.474998,106.010002,110.724998,101.74279,14860730,1.2643952461
2016-01-27,110.5,112.699997,110.425003,112.125,103.029221,15625610,-2.5908591505
2016-01-28,110.75,111.205002,108.800003,109.220001,100.359879,16934750,-3.2182621504
2016-01-29,108.599998,110.190002,104.239998,105.705002,97.130035,11992530,-0.6149220475
2016-02-01,104.160004,107.184998,103.279999,105.055,96.532761,13325940,-4.4976575362
2016-02-02,105.205002,106.044998,99.894997,100.330002,92.191048,9835350,-2.9801635404
2016-02-03,98.440002,102.900002,95.834999,97.339996,89.443604,17343230,3.8319352606
2016-02-04,97.82,102.160004,97.059998,101.07,92.871025,9921340,2.6071091603
2016-02-05,101.625,104.349998,100.800003,103.705002,95.292274,10015060,1.2583758889
2016-02-08,106.5,108.199997,104.5,105.010002,96.491409,12200040,-4.7709863994
2016-02-09,103.949997,105.5,99.669998,100,91.887817,9116240,2.2550051439
2016-02-10,99.5,103.974998,98.639999,102.254997,93.959892,12409200,-2.048790137
2016-02-11,101.635002,102.800003,98.699997,100.160004,92.034851,14652880,0.3893742382
2016-02-12,101.125,101.639999,95,100.550003,92.393211,14369450,3.570348908
2016-02-15,101.800003,105.75,101.599998,104.139999,95.691971,9467880,-0.7393880517
2016-02-16,105.004997,105.379997,102.400002,103.370003,94.984436,7094920,1.335009243
2016-02-17,103.010002,105.464996,99.809998,104.75,96.252487,7799880,0.8878326437
2016-02-18,105.955002,106.199997,103.675003,105.68,97.107048,7849790,2.5264901472
2016-02-19,105,108.75,104.555,108.349998,99.560448,8393070,1.7720400374
2016-02-22,108.904999,110.599998,107.519997,110.269997,101.324699,7329730,1.9316267596
2016-02-23,109.5,114.440002,109.5,112.400002,103.281914,18691170,-1.2900370921
2016-02-24,111.105003,113.445,110.5,110.949997,101.949539,8374110,1.4556161946
2016-02-25,111.199997,113.889999,111.099998,112.565002,103.433533,28055840,-2.3586364395
2016-02-26,112.5,112.599998,109.059998,109.910004,100.993912,5918270,2.4883975185
2016-02-29,110.400002,114.5,109.900002,112.644997,103.507042,9054670,1.5091688158
2016-03-01,113,115.260002,112.599998,114.345001,105.069138,10282700,-0.8920450075
2016-03-02,115.199997,116.699997,112.730003,113.324997,104.131874,9316810,2.3428263665
2016-03-03,114.199997,116.68,113.620003,115.980003,106.571503,10701750,2.2115837101
2016-03-04,116.110001,119.785004,115.199997,118.544998,108.928421,12243550,0.0674837653
2016-03-08,119.394997,120.684998,117.599998,118.625,109.00193,8142290,-0.5226604703
2016-03-09,116.504997,118.550003,115.989998,118.004997,108.43222,6366140,0.4957493262
2016-03-10,118.400002,120.449997,117.584999,118.589996,108.969772,7841700,-0.198159541
2016-03-11,118,119.745003,117.699997,118.355003,108.753838,6014430,-0.2239139367
2016-03-14,118.599998,119.790001,117.599998,118.089996,108.510323,6132630,1.1940163518
2016-03-15,118,120.099998,117.305,119.5,109.805954,8475230,0.4267710292
2016-03-16,120,120.779999,118.519997,120.010002,110.274574,6420860,0.191657961
2016-03-17,121.150002,122.084999,119.699997,120.239998,110.485924,8833900,0.8732451747
2016-03-18,120.5,121.699997,119.900002,121.290001,111.450737,6627150,0.2514707462
2016-03-21,120.805,122.199997,119.834999,121.595001,111.731003,5651120,1.1678128406
2016-03-22,121.099998,123.82,120.199997,123.014999,113.035812,6090970,1.5079415716
2016-03-23,123.5,125.315002,122.675003,124.870003,114.740326,8305560,-1.7458195125
2016-03-28,124,124.900002,121.769997,122.690002,112.737167,4161660,0.4849669497
2016-03-29,123,124.400002,122.165001,123.285004,113.283905,4893740,3.1512261164
2016-03-30,125,127.699997,123.650002,127.169998,116.853737,6858460,0.9082379625
2016-03-31,126.199997,129.399994,125.800003,128.324997,117.915047,12316520,-1.6053006365
2016-04-01,127.135002,127.730003,125.099998,126.264999,116.022156,6773820,-0.2296733738
2016-04-04,126.599998,127.074997,124.610001,125.974998,115.755684,5599150,-0.0238130855
2016-04-05,125.209999,126.735001,124,125.945,115.728119,6438010,2.6400455018
2016-04-06,126,129.800003,125.599998,129.270004,118.783394,11183280,-1.1913087784
2016-04-07,129.5,129.764999,127.514999,127.730003,117.368317,5239940,-0.3053362348
2016-04-08,127.199997,128.300003,126.514999,127.339996,117.009949,4714000,2.0692744683
2016-04-11,127.739998,130.345001,127,129.975006,119.431206,6883290,-0.1577292956
2016-04-12,129.919998,130.994995,128.820007,129.770004,119.242828,7246450,1.221390858
2016-04-13,130.509995,131.899994,129.574997,131.354996,120.699249,7360250,1.5758938152
2016-04-18,131.220001,133.990005,130.729996,133.425003,122.601341,5235820,2.0498389165
2016-04-20,134.664993,136.690002,133.809998,136.160004,125.114471,8518530,-0.8813217138
2016-04-21,136.199997,137.199997,134.669998,134.960007,124.01181,8947070,-0.4667942513
2016-04-22,135.5,136.399994,134.100006,134.330002,123.43293,6094560,0.1414274133
2016-04-25,134.210007,135.425003,132.520004,134.520004,123.607498,4835570,1.6912032311
2016-04-26,134.600006,137.089996,134.395004,136.794998,125.697952,7730520,-0.391108202
2016-04-27,136,137.139999,135.210007,136.259995,125.206337,4896120,0.4293329019
2016-04-28,136.800003,137.619995,135.354996,136.845001,125.743889,10075590,0.3471103077
2016-04-29,136,138,135.229996,137.320007,126.180359,7211960,-0.61171644
2016-05-02,137,137.600006,136.059998,136.479996,125.408493,5170700,-0.5861644474
2016-05-03,136.505005,137.410004,135.309998,135.679993,124.673393,5316260,-2.5869593523
2016-05-04,134.5,134.899994,131.600006,132.169998,121.448143,5443950,-0.1361881672
2016-05-05,132.509995,133.449997,130.949997,131.990005,121.282745,6319030,0.0151414779
2016-05-06,131.414993,132.729996,130.910004,132.009995,121.301109,5152340,0.4583008388
2016-05-09,132.654999,134,131.5,132.615005,121.857033,4928320,-2.8918215988
2016-05-10,132,132.5,127.550003,128.779999,118.333145,6697670,0.2756514246
2016-05-11,127,130.054993,126.355003,129.134995,118.659332,6035740,-0.6698293228
2016-05-12,128.889999,129.684998,127.665001,128.270004,117.864517,4380890,-1.0914548608
2016-05-13,127.705002,128.300003,126.300003,126.870003,116.578079,4275910,2.1202905565
2016-05-16,126.739998,129.940002,125.355003,129.559998,119.049873,3966320,-0.4322448962
2016-05-17,130,130.800003,128.300003,129,118.535286,4564720,1.4961393015
2016-05-18,128.5,132.089996,128,130.929993,120.308739,10606800,0.8325072711
2016-05-19,132.449997,134.389999,131.225006,132.020004,121.310318,10040170,-1.1513431199
2016-05-20,131.800003,133.029999,130.100006,130.5,119.91362,3264840,1.0383007368
2016-05-23,131.490005,132.800003,129.399994,131.854996,121.158684,6613580,0.1213433451
2016-05-24,132,132.490005,130.899994,132.014999,121.305702,5942150,-1.4998190275
2016-05-25,132.399994,133.654999,129.714996,130.035004,119.486336,4941780,1.4303844751
2016-05-26,130.699997,132.5,130.100006,131.895004,121.19545,7608940,4.2988717811
2016-05-27,132.300003,138,131.309998,137.565002,126.405487,8752840,-0.2689606346
2016-05-30,137.800003,139.300003,135.779999,137.195007,126.065506,5173060,1.2536752123
2016-05-31,137.100006,140.300003,136.169998,138.914993,127.645958,10605470,-1.0329923647
2016-06-01,139.600006,140.5,137.039993,137.479996,126.327385,6472140,0.3273106619
2016-06-02,137.039993,138.895004,135.809998,137.929993,126.740868,5151900,-0.6561277456
2016-06-03,137.925003,138.964996,136.229996,137.024994,125.909286,4475050,-0.0583880684
2016-06-06,137,137.889999,135.065002,136.945007,125.83577,6043950,0.5622805026
2016-06-07,137.505005,138.695007,136.005005,137.714996,126.54332,6253490,1.3034137242
2016-06-08,138.190002,139.985001,137.039993,139.509995,128.192703,6143090,1.5303577771
2016-06-09,139.410004,141.970001,138.600006,141.645004,130.15451,8053350,0.1588435161
2016-06-10,141.630005,143.350006,140.5,141.869995,130.361252,9526200,-1.3004961014
2016-06-13,139.300003,140.800003,138.800003,140.024994,128.665909,5986620,0.4213703569
2016-06-14,139.300003,141.100006,139.100006,140.615005,129.208069,5847770,-0.4267001312
2016-06-15,141.029999,141.384995,139.514999,140.014999,128.656738,4008120,0.5070896481
2016-06-16,140.199997,141.035004,138,140.725006,129.309143,6516040,-0.8669402441
2016-06-17,141.210007,141.744995,139.009995,139.505005,128.18811,4379330,0.5161094894
2016-06-20,138.490005,140.649994,138.399994,140.225006,128.849701,6435910,-0.110536539
2016-06-21,140.199997,140.75,139.210007,140.070007,128.707275,4076180,-0.6710879397
2016-06-22,140.470001,140.470001,138.535004,139.130005,127.843536,3550710,0.722337655
2016-06-23,139.369995,140.544998,138.160004,140.134995,128.766998,5073760,-1.2951726963
2016-06-24,138.220001,139.434998,133.009995,138.320007,127.099243,6144190,0.2024237076
2016-06-27,138.789993,139.5,137.740005,138.600006,127.356522,6207850,2.9220725736
2016-06-28,138.779999,143.259995,138.354996,142.649994,131.077972,6105900,1.2688463017
2016-06-29,142.800003,144.800003,142.725006,144.460007,132.74115,5371410,1.3671517838
2016-06-30,145.600006,147.5,144,146.434998,134.555923,6928580,-0.0717032724
2016-07-01,147.509995,148.5,145.770004,146.330002,134.459442,6323940,6.1442133606
2016-07-04,146.399994,147.770004,145,147.360001,142.720917,3835820,0.5191292318
2016-07-05,147.5,148.895004,146.524994,148.125,143.461823,4060940,-1.2151783405
2016-07-07,147.009995,148.5,145.889999,146.324997,141.718506,6195050,0.9362743353
2016-07-08,146.800003,148.100006,146.050003,147.695007,143.04538,4296860,2.1530782749
2016-07-11,148.800003,151.160004,148.610001,150.875,146.125259,4288130,2.1574250897
2016-07-12,151,155,150.699997,154.130005,149.277802,5804840,1.0153760169
2016-07-13,154.550003,156.494995,154.399994,155.695007,150.793533,6177570,1.1689466816
2016-07-14,155.695007,158.345001,154.5,157.514999,152.556229,6235960,3.8662918182
2016-07-15,158,165.324997,157.505005,163.604996,158.454498,12637690,-1.8336891894
2016-07-18,163.270004,165.645004,160,160.604996,155.548935,9572640,1.3791859134
2016-07-19,161.445007,163.440002,160.330002,162.820007,157.694244,6883550,-0.5343479753
2016-07-20,163.100006,163.589996,161.619995,161.949997,156.851608,4359050,-0.447660696
2016-07-21,162.399994,162.985001,160.625,161.225006,156.149445,4471900,0.046513774
2016-07-22,160.5,162.470001,159.009995,161.300003,156.222076,4085430,0.9578473403
2016-07-25,161,163.300003,160.5,162.845001,157.718445,4133130,1.8974990528
2016-07-26,162.800003,167.179993,162.800003,165.934998,160.711151,6885160,4.8181385995
2016-07-27,167.195007,176.130005,166.600006,173.929993,168.454437,26450020,-3.1593059196
2016-07-28,173.770004,174.600006,168.100006,168.434998,163.132446,13103790,-0.5432297631
2016-07-29,169.399994,170.5,166.5,167.520004,162.246262,5954060,0.8625807355
2016-08-01,168.5,170.244995,164.324997,168.964996,163.645767,8365210,-0.8729575022
2016-08-02,169.300003,170.199997,166.115005,167.490005,162.217209,6636220,0.6627274668
2016-08-03,169.699997,171.25,167.505005,168.600006,163.292267,7183340,1.4175551865
2016-08-04,169.100006,171.615005,168.600006,170.990005,165.607025,8495300,1.6258217307
2016-08-05,172.199997,174.199997,171.710007,173.770004,168.2995,7304910,-0.5524555926
2016-08-08,174.524994,175.690002,172.240005,172.809998,167.36972,5382190,-1.0416143374
2016-08-09,173.300003,173.979996,169.559998,171.009995,165.626373,5382460,-0.0438432592
2016-08-10,171,171.994995,168.279999,170.934998,165.553757,5905460,0.0760568665
2016-08-11,171.5,171.794998,168.600006,171.065002,165.679672,4844530,1.0171501305
2016-08-12,171.020004,173.300003,170.860001,172.804993,167.364883,4220640,1.1544775495
2016-08-16,173.195007,175.414993,171.539993,174.800003,169.297073,6328570,1.4559466129
2016-08-17,174.850006,177.600006,174.009995,177.345001,171.761948,6599060,0.5836222817
2016-08-18,177.774994,179.339996,177.050003,178.380005,172.764389,3484940,0.2410380996
2016-08-19,178.669998,179.899994,177.199997,178.809998,173.180817,5147050,-1.1324741585
2016-08-22,178.5,179.369995,176.119995,176.785004,171.219589,3356030,-0.5317236219
2016-08-23,176,177.559998,173.639999,175.845001,170.309174,3061860,0.0682353142
2016-08-24,175.774994,176.354996,174.654999,175.964996,170.425385,2234420,-0.8098130452
2016-08-25,176.199997,177.199997,173.910004,174.539993,169.045258,7090170,0.6101786067
2016-08-26,174.5,176.050003,173.205002,175.604996,170.076736,3270200,0.9737716274
2016-08-29,175.399994,177.699997,174.899994,177.315002,171.732895,2468480,0.4511808876
2016-08-30,177.509995,179.274994,177.399994,178.115005,172.507721,2542450,-1.5748309608
2016-08-31,177.800003,178.800003,174.619995,175.309998,169.791016,5023170,1.1208702585
2016-09-01,175.214996,177.800003,173.809998,177.274994,171.694153,3057050,0.2623053797
2016-09-02,177.300003,178.779999,176.020004,177.740005,172.144516,2213810,4.7907032949
2016-09-06,178.199997,187.600006,178.100006,186.255005,180.391449,6706010,-0.5905873066
2016-09-07,187.410004,187.410004,184,185.154999,179.32608,4570550,-0.1485154864
2016-09-08,186.399994,188.595001,184.255005,184.880005,179.059753,3791930,-1.3522357534
2016-09-09,185.994995,185.994995,181.014999,182.380005,176.638443,3470300,-4.3179105694
2016-09-12,180,180,173.669998,174.505005,169.011353,5935480,0.3037192419
2016-09-14,175,176.485001,172.5,175.035004,169.524673,5218050,0.1942401623
2016-09-15,175.5,176.794998,173.149994,175.375,169.853958,5740980,-1.6079790145
2016-09-16,176.600006,176.845001,170.699997,172.554993,167.122742,15092020,2.5702037608
2016-09-19,173.570007,177.5,173,176.990005,171.418137,6165300,-0.4548311011
2016-09-20,178.315002,178.399994,175.695007,176.184998,170.638474,4580740,-0.4881267281
2016-09-21,176.199997,177.399994,174.384995,175.324997,169.805542,4664240,0.5390006647
2016-09-22,178,178.229996,175.369995,176.270004,170.720795,3632680,-0.3630741059
2016-09-23,175.910004,177.490005,174.625,175.630005,170.100952,4703910,0.0426993495
2016-09-26,175.809998,177,175.154999,175.705002,170.173584,3930440,0.1878146963
2016-09-27,176.399994,177.130005,174.255005,176.035004,170.493195,4287110,0.8748243588
2016-09-28,175.320007,178.199997,174.720001,177.574997,171.984711,5817490,-5.4850020942
2016-09-29,178.5,178.740005,165.225006,167.835007,162.551346,18253280,3.0387032292
2016-09-30,167.199997,173.895004,166.925003,172.934998,167.490799,5157750,2.2002378769
2016-10-03,174.490005,177.434998,174.005005,176.740005,171.175995,4199180,0.9166004848
2016-10-04,178.895004,179.699997,176.800003,178.360001,172.744995,6951110,0.229882203
2016-10-05,180.5,180.539993,177.75,178.770004,173.142105,6650110,-1.4068426626
2016-10-06,180.279999,181.100006,175.095001,176.255005,170.706268,5759650,0.5418324768
2016-10-07,176.990005,177.764999,175.100006,177.210007,171.63121,4042570,2.4067429228
2016-10-10,178.600006,182.5,177.815002,181.475006,175.761932,7789670,-2.3391720569
2016-10-13,180.880005,180.889999,173.210007,177.229996,171.650558,10134850,-1.6814212745
2016-10-14,177.600006,178,173.710007,174.25,168.764389,5923880,-1.3055977111
2016-10-17,174.5,175.899994,171.554993,171.975006,166.561005,5361000,3.6546027085
2016-10-18,172.5,179,172.199997,178.259995,172.648148,6121650,-1.8904929116
2016-10-19,178.100006,178.100006,174.279999,174.889999,169.384247,5251270,-0.4602836532
2016-10-20,175.574997,177.380005,173.214996,174.085007,168.604599,7279280,-0.3188240435
2016-10-21,173.899994,174.779999,171.389999,173.529999,168.067047,5965690,-1.3599870057
2016-10-24,173.169998,174.029999,169.5,171.169998,165.781357,5789100,-0.1343715627
2016-10-25,171.490005,172.899994,169.600006,170.940002,165.558594,6953620,-2.4072891076
2016-10-26,170.699997,172.910004,166,166.824997,161.57312,8174300,-1.876198838
2016-10-27,166.770004,166.949997,161.649994,163.695007,158.541687,25975610,1.3378393028
2016-10-28,166,168.274994,164.330002,165.884995,160.66272,7736120,0.2441493584
2016-11-01,166.100006,168.5,164.225006,166.289993,161.054977,6206700,-1.7379320106
2016-11-02,165.494995,165.494995,162.5,163.399994,158.255951,5243220,-2.1327949936
2016-11-03,163.190002,165,159.024994,159.914993,154.880676,7368300,-0.4877703401
2016-11-04,159.419998,160.895004,156.509995,159.134995,154.125214,6960320,0.5749870362
2016-11-07,160.604996,162,159.5,160.050003,155.011414,3886300,3.5239101812
2016-11-08,160.399994,166.399994,160.339996,165.690002,160.473877,5874360,1.4454657938
2016-11-09,155.009995,170.399994,154.539993,168.085007,162.793472,8629910,4.4947465707
2016-11-10,169.699997,177.869995,169.699997,175.639999,170.110626,7666490,-2.0097915576
2016-11-11,173.520004,174.945007,169.125,172.110001,166.691757,7296950,-1.5832942477
2016-11-15,170.600006,173.5,167.550003,169.384995,164.052536,6140900,0.2627207177
2016-11-16,171.850006,173.5,168.139999,169.830002,164.483536,3579110,-2.5760991665
2016-11-17,170,172,164.300003,165.455002,160.246277,4809840,2.2392707445
2016-11-18,165.699997,169.869995,165.199997,169.160004,163.834625,5775610,-4.1262761153
2016-11-21,169.610001,170.085007,161.445007,162.179993,157.074356,5107430,1.0728848699
2016-11-22,163.014999,165.690002,161.880005,163.919998,158.759583,3501810,0.7351260176
2016-11-23,164.600006,166.259995,164.199997,165.125,159.926666,2825900,-2.210447506
2016-11-24,164.5,165.610001,160.625,161.475006,156.391571,16770590,3.6600041571
2016-11-25,162.399994,167.880005,162.100006,167.384995,162.115509,4443080,2.9034859336
2016-11-28,168,173,166.705002,172.244995,166.82251,4880370,-1.4514198354
2016-11-29,172.690002,173.225006,169.399994,169.744995,164.401215,4467480,1.8586626626
2016-11-30,168.5,173.554993,168.5,172.899994,167.456879,7408290,-3.0451087053
2016-12-01,172.899994,173.089996,167.205002,167.634995,162.357635,5346100,-1.1751674013
2016-12-02,166.399994,168,165.070007,165.664993,160.449661,5441330,-0.4889477454
2016-12-05,165.800003,167.179993,162.625,164.854996,159.665146,6162830,-0.2759988708
2016-12-06,165.199997,166.169998,163.300003,164.399994,159.224472,3695870,0.1429428511
2016-12-07,165,165.595001,163.149994,164.634995,159.452072,5034030,0.6377696992
2016-12-08,166,167.800003,165.199997,165.684998,160.469009,4827860,-0.6276800775
2016-12-09,166.679993,166.899994,164.199997,164.645004,159.461777,3760900,-1.4637595566
2016-12-12,164.600006,164.839996,161.770004,162.235001,157.12764,4064340,0.5886469115
2016-12-13,162.399994,164.125,160.990005,163.190002,158.052567,5306210,-0.1072396376
2016-12-14,164.100006,164.100006,162.149994,163.014999,157.883072,4181710,0.0306752329
2016-12-15,162,165.554993,161.514999,163.065002,157.931503,4059070,-0.7573764431
2016-12-16,164.399994,164.794998,161.130005,161.830002,156.735367,4632360,-1.1956803597
2016-12-19,161.800003,162.434998,159.375,159.895004,154.861313,3883340,-0.459691311
2016-12-20,159,160.100006,157.5,159.160004,154.149429,4756710,-0.3392779353
2016-12-21,160,160.589996,158.104996,158.619995,153.626434,3908180,-1.2356499794
2016-12-22,159.570007,159.789993,155.735001,156.660004,151.728149,4445390,0.0925517123
2016-12-23,155.800003,158.384995,154.205002,156.804993,151.868576,4666800,-2.2543873724
2016-12-26,155.399994,156.169998,151.164993,153.270004,148.44487,6133610,3.0990959809
2016-12-27,153.869995,158.744995,153.300003,158.020004,153.045319,4294580,0.3132706071
2016-12-28,157.994995,159.470001,155.740005,158.514999,153.524765,6245670,0.9210448881
2016-12-29,158.119995,160.389999,157.125,159.975006,154.938797,5243210,1.7346346119
2016-12-30,159.899994,163.244995,159.565002,162.75,157.626419,6205340,0.4178233599
2017-01-02,162.800003,164.184998,161.009995,163.429993,158.285019,4621360,0.6271831701
2017-01-03,164.100006,165.360001,163.100006,164.455002,159.277756,4530490,-0.8543434025
2017-01-04,166.75,166.75,160.600006,163.050003,157.916977,2378943,7.7276928876
2017-01-05,164.050003,176.649994,163.5,175.649994,170.120316,6510132,-0.2562022046
2017-01-06,177.350006,178.800003,172.75,175.199997,169.684464,5500626,0.4851693435
2017-01-09,176.5,179.300003,174.600006,176.050003,170.507721,2997673,1.3632508759
2017-01-10,176.5,179.5,173.600006,178.449997,172.832169,3701710,5.0994684907
2017-01-11,179.300003,195.399994,179,187.550003,181.645691,19588062,0.5065212364
2017-01-12,188.25,190.699997,184.199997,188.5,182.565765,6001012,0.2122090086
2017-01-13,189.5,191.100006,185.100006,188.899994,182.953186,5494453,0.2382314348
2017-01-16,189.649994,192.5,186.75,189.350006,183.389038,3993046,-1.3995323974
2017-01-17,191.899994,192.100006,185.449997,186.699997,180.822449,4433742,2.3567173344
2017-01-18,187.050003,192.5,187.050003,191.100006,185.083923,5651544,0.8110947594
2017-01-19,191,193.949997,189.800003,192.649994,186.585129,5325171,-3.6335414491
2017-01-20,191.949997,193.5,184.600006,185.649994,179.805481,5221394,4.5785156015
2017-01-23,186.399994,194.800003,186,194.149994,188.037903,5915206,-0.1030084876
2017-01-24,194.550003,195.699997,192.149994,193.949997,187.844208,3567556,1.1343107263
2017-01-25,195.199997,199.699997,193.149994,196.149994,189.974945,8514459,-0.4078406234
2017-01-27,196.350006,199,193.149994,195.350006,189.20015,3724559,0.5886802944
2017-01-30,195,199,193.149994,196.5,190.313934,3886010,0.8396852329
2017-01-31,197.100006,201.399994,195,198.149994,191.911972,9791708,-0.4289607321
2017-02-01,199.5,199.649994,191.100006,197.300003,191.088745,7991260,-1.7232668517
2017-02-02,197.449997,198,192.399994,193.899994,187.795776,4882873,-1.1604009666
2017-02-03,193,196.399994,188.75,191.649994,185.616592,7158596,0.3652658379
2017-02-06,193.649994,194.399994,190.5,192.350006,186.294586,3509746,-1.7416163667
2017-02-07,192.800003,195,187.949997,189,183.050049,4271007,0.1587227109
2017-02-08,190.949997,191.699997,188.300003,189.300003,183.340591,4093024,2.2979330311
2017-02-09,190.199997,194,185.850006,193.649994,187.553635,4280685,-0.206548916
2017-02-10,194.100006,195,191.399994,193.25,187.166245,2393140,-2.8460495107
2017-02-13,194.600006,195.25,178.300003,187.75,181.839401,5882506,-3.1424784555
2017-02-14,187.75,189.449997,180.399994,181.850006,176.125137,5326799,0.797355235
2017-02-15,182.899994,184.449997,178.75,183.300003,177.52948,4927878,2.2640453856
2017-02-16,184.050003,188,182.25,187.449997,181.548828,2742051,-1.3603646067
2017-02-17,188.100006,189.100006,184.100006,184.899994,179.079102,2679540,1.838834327
2017-02-20,184.949997,189.800003,183.600006,188.300003,182.37207,3116627,-0.7169381803
2017-02-21,189,191.75,185.649994,186.949997,181.064575,2738266,-1.0430593616
2017-02-22,187.199997,187.649994,182.199997,185,179.175964,3420915,1.0540537681
2017-02-23,185.600006,187.550003,184.100006,186.949997,181.064575,3565755,-0.8825956154
2017-02-27,187,189.899994,185,185.300003,179.466507,2479199,0.8904547298
2017-02-28,185.300003,188.050003,185,186.949997,181.064575,2568373,1.524475453
2017-03-01,188.050003,192.600006,186.75,189.800003,183.82486,6984828,-3.3192844537
2017-03-02,190.550003,190.899994,181.899994,183.5,177.72319,5014563,0.272475978
2017-03-03,183,185.300003,181.949997,184,178.207443,3072562,0.4619571361
2017-03-06,184.050003,186.300003,183.149994,184.850006,179.030685,2405448,-1.8393316207
2017-03-07,185.399994,185.649994,181,181.449997,175.737717,2337750,-1.8737889943
2017-03-08,181.649994,182.149994,177,178.050003,172.444763,5030575,-0.6739642189
2017-03-09,176.699997,178.850006,175.649994,176.850006,171.282547,2814093,-0.3392820869
2017-03-10,177,178.899994,175.149994,176.25,170.701416,1965462,3.2056687802
2017-03-14,179.949997,183.350006,177.5,181.899994,176.173538,3552433,0.8796167788
2017-03-15,181.899994,184.899994,180.050003,183.5,177.72319,2518621,4.8773848815
2017-03-16,185.600006,194.300003,185.199997,192.449997,186.391434,8053833,-0.2338288786
2017-03-17,194.25,195.899994,190.149994,192,185.955597,5143534,1.0937503537
2017-03-20,192.75,194.75,190.199997,194.100006,187.989487,2608165,-0.8758388707
2017-03-21,194.649994,194.649994,191,192.399994,186.343002,3832639,-2.9625759705
2017-03-22,189.5,189.5,185.100006,186.699997,180.822449,3999158,0.0803434534
2017-03-23,186.699997,189,185.5,186.850006,180.967728,2749898,-0.0267539415
2017-03-24,186.899994,190.75,186,186.800003,180.919312,3979893,-3.9347032228
2017-03-27,186.800003,187.699997,177.699997,179.449997,173.800674,8610189,1.1981179083
2017-03-28,179.300003,183.949997,179.300003,181.600006,175.883011,8752274,0.9636519129
2017-03-29,183,184.649994,180.75,183.350006,177.577911,3043114,1.118077687
2017-03-30,183.5,187.300003,182.649994,185.399994,179.56337,20910457,1.5102484432
2017-03-31,185.949997,190.25,185,188.199997,182.275223,4542711,0.3719446828
2017-04-03,187.899994,192.350006,187,188.899994,182.953186,4005610,3.6527295021
2017-04-05,192,196.899994,191.649994,195.800003,189.635971,7046524,4.0857955161
2017-04-06,195,204.800003,192.449997,203.800003,197.384109,7827353,-1.9381610908
2017-04-07,202.600006,207,196.800003,199.850006,193.558487,9259489,1.9264332233
2017-04-10,199.75,205,198.75,203.699997,197.287262,4077710,-2.4300398066
2017-04-11,206.5,206.899994,197.949997,198.75,192.493103,6912377,-1.1572440598
2017-04-12,199.850006,202.199997,195.350006,196.449997,190.265488,4900126,-2.9014925713
2017-04-13,196.949997,196.949997,189.800003,190.75,184.744949,6831049,1.7824324929
2017-04-17,190.5,195.5,190.5,194.149994,188.037903,5298073,-3.5282003756
2017-04-18,194.600006,198.699997,186.5,187.300003,181.403549,7160819,1.1212046353
2017-04-19,187.25,192.199997,185.449997,189.399994,183.437454,6855099,-0.0528043744
2017-04-20,191.5,192.699997,188,189.300003,183.340591,4558278,-1.0829342205
2017-04-21,191.25,191.75,185.600006,187.25,181.355133,6017993,2.8037430846
2017-04-24,188,195.149994,185.199997,192.5,186.439865,6548580,1.0389553758
2017-04-25,195.5,196.5,192.399994,194.5,188.376892,5905853,2.210795048
2017-04-26,195,202.199997,195,198.800003,192.541519,6575488,-0.2514979639
2017-04-27,198.449997,201.75,195.699997,198.300003,192.057281,4349295,0.3529926054
2017-04-28,198.600006,206.399994,197.350006,199,192.735229,8422472,-1.6080391821
2017-05-02,200,201.75,194.550003,195.800003,189.635971,4080171,-1.2512731564
2017-05-03,196.800003,199.199997,192.949997,193.350006,187.263107,4612307,0.3620296656
2017-05-04,197,197.5,191,194.050003,187.941055,5327061,-2.1901521198
2017-05-05,194,194.149994,187.25,189.800003,183.82486,4146159,0.7902946315
2017-05-08,190.5,193.25,187,191.300003,185.277618,5024668,0.6011605784
2017-05-09,191.5,194.699997,189.5,192.449997,186.391434,3989306,2.6240588932
2017-05-10,193.050003,198.899994,192.899994,197.5,191.282455,4780618,-1.5189908557
2017-05-11,198.5,200,194,194.5,188.376892,4526903,1.3624675366
2017-05-12,194.5,198.5,191.5,197.149994,190.943466,7071552,2.3078920124
2017-05-15,198,202.649994,196.300003,201.699997,195.350235,5637368,-0.0247918821
2017-05-16,205,205,200.75,201.649994,195.301804,7155404,2.504332218
2017-05-17,203.649994,209.449997,203.300003,206.699997,200.19281,15630852,-7.4020360671
2017-05-18,206,209,188.149994,191.399994,185.374466,21476119,1.0971953387
2017-05-19,194,197.699997,189.300003,193.5,187.408386,10896952,-0.6976795585
2017-05-22,194.5,196.949997,191.050003,192.149994,186.100876,6295893,0.7285973227
2017-05-23,192.399994,195.5,184.100006,193.550003,187.456802,8867141,-2.0408099142
2017-05-24,193.350006,194.949997,186.399994,189.600006,183.631165,5439353,1.7141284269
2017-05-25,190.5,193.699997,189,192.850006,186.778839,5977139,3.1112341372
2017-05-26,192.649994,202.899994,191.800003,198.850006,192.589966,12767707,-1.5338260146
2017-05-29,198.949997,202.350006,195,195.800003,189.635971,4551732,-0.408585985
2017-05-30,195,198.350006,193.5,195,188.861145,4165068,-0.5897375027
2017-05-31,196,199.300003,192.899994,193.850006,187.74736,6461000,0.8253761864
2017-06-01,194.5,196,193.100006,195.449997,189.296982,3515147,-0.3581478124
2017-06-02,196.550003,197.5,194.050003,194.75,188.619019,2665134,-2.1822884149
2017-06-05,196.5,196.5,189.600006,190.5,184.502808,7041770,0.8399151302
2017-06-06,190,194.399994,189.300003,192.100006,186.052475,5549087,1.7178352505
2017-06-07,192.399994,196.25,192,195.399994,189.24855,6570678,1.8679725683
2017-06-08,200,202.399994,197.25,199.050003,192.783661,12287394,1.4820327538
2017-06-09,199.850006,202.649994,198.300003,202,195.640778,5161130,-0.4755915456
2017-06-12,199.75,201.800003,198,198.800003,194.710327,2791407,-0.5281753751
2017-06-13,199.399994,201.449997,197.100006,197.75,193.681915,4264115,0.2528532414
2017-06-14,198,200.149994,196.100006,198.25,194.171646,3710984,-0.7061793152
2017-06-15,197.800003,199,196,196.850006,192.800446,3459648,-1.0160054298
2017-06-16,196.800003,198,194.199997,194.850006,190.841583,3232753,2.2581525118
2017-06-19,195.600006,199.899994,193.850006,199.25,195.151077,5481847,0.2509343056
2017-06-20,200.399994,201.5,198.199997,199.75,195.640778,4917462,0.2002491526
2017-06-21,199.399994,203.850006,197.149994,200.149994,196.032547,5932691,-1.2490670746
2017-06-22,200.300003,203.949997,196.149994,197.649994,193.583969,5970858,-0.9865827268
2017-06-23,197.75,198.399994,192.600006,195.699997,191.674103,4144287,-0.8431285055
2017-06-27,196.800003,197.649994,192.5,194.050003,190.058044,3228380,1.8036563609
2017-06-28,194.25,198.5,192.800003,197.550003,193.486038,4779335,3.9483763681
2017-06-29,199,206,198.550003,205.350006,201.125595,9184678,-0.9496116096
2017-06-30,205.350006,208.800003,202.199997,203.399994,199.215683,6431412,0.8112182614
2017-07-03,203.649994,206.5,203.5,205.050003,200.831757,4041802,1.609364997
2017-07-04,205.899994,209.300003,205.100006,208.350006,204.063873,5697836,1.8958495412
2017-07-05,209.25,212.949997,208,212.300003,207.932617,6906867,0.0706464441
2017-07-06,212.699997,214.149994,210.899994,212.449997,208.079514,6685243,1.7180547625
2017-07-07,212,217,210.350006,216.100006,211.654434,6452705,0.9023656929
2017-07-10,216.5,220.550003,216,218.050003,213.564331,1192167,-2.0408253474
2017-07-11,219.899994,219.899994,213.050003,213.600006,209.205856,3660000,0.1404544814
2017-07-12,214.050003,215.100006,210.5,213.899994,209.499695,4864490,-0.2103821679
2017-07-13,215,217,211.649994,213.449997,209.058945,2485968,0.7964375789
2017-07-14,213.550003,216.199997,212.100006,215.149994,210.723969,3484855,1.3479064643
2017-07-17,216.399994,218.550003,215.550003,218.050003,213.564331,3303597,-0.8713678877
2017-07-18,217.449997,219.699997,214,216.149994,211.7034,3631182,1.6192432431
2017-07-19,216.5,220.25,215.949997,219.649994,215.131393,3115273,-2.299101926
2017-07-20,219.649994,220.300003,214,214.600006,210.185303,3219939,0.0698959432
2017-07-21,215.550003,216.149994,212,214.75,210.332214,4633423,-0.4656661865
2017-07-24,214,217.5,212,213.75,209.352768,2889831,0.6315894519
2017-07-25,213.699997,215.850006,213,215.100006,210.675018,2231494,1.8828335878
2017-07-26,216,221.949997,215.600006,219.149994,214.641678,4579840,-1.9849350973
2017-07-27,218.100006,220.600006,212,214.800003,210.38118,10574422,0.4655506733
2017-07-28,212.399994,216.699997,211,215.800003,211.360611,2601142,2.5254823852
2017-07-31,216.800003,221.899994,215.800003,221.25,216.698486,5160277,0.8587512697
2017-08-01,222.100006,225.350006,220.199997,223.149994,218.559387,5408688,-1.5236348554
2017-08-02,223.899994,223.899994,215.199997,219.75,215.22934,7699742,1.638231572
2017-08-03,219.75,225,216.100006,223.350006,218.755295,6614853,2.1938641531
2017-08-04,222,229.050003,222,228.25,223.554489,5030815,0.3504912845
2017-08-07,228.600006,232,227.850006,229.050003,224.338028,3218107,0.7858609687
2017-08-08,229.350006,232.949997,225.050003,230.850006,226.101013,4253146,-0.1732783037
2017-08-09,230.800003,233.5,228.199997,230.449997,225.709229,3591242,-3.3412882732
2017-08-10,229,229.449997,218.449997,222.75,218.167633,5725478,0.3367011824
2017-08-11,220,226.149994,217.550003,223.5,218.902206,4613140,3.9597312235
2017-08-14,225.850006,234.399994,225.550003,232.350006,227.570145,3508678,2.3240790219
2017-08-16,233.300003,238.850006,231.199997,237.75,232.859055,4106721,-1.3249173411
2017-08-17,237,239.300003,233.449997,234.600006,229.773865,2586445,1.044329824
2017-08-18,233.199997,238.5,232,237.050003,232.173462,3477346,-1.4132093185
2017-08-21,238.25,242.699997,232,233.699997,228.892365,3182064,-0.7488257636
2017-08-22,236,237.350006,228.25,231.949997,227.17836,4446520,3.3628013689
2017-08-23,233.399994,240.399994,230.699997,239.75,234.817917,4271359,2.6277360258
2017-08-24,239.100006,248.300003,238.550003,246.050003,240.988312,4460587,-0.6299591824
2017-08-28,246,247.699997,243,244.5,239.470184,3526749,0.9815969407
2017-08-29,245,249.199997,242.149994,246.899994,241.820816,3793852,4.9210155672
2017-08-30,249.899994,260,248.5,259.049988,253.720856,6400191,-1.7950187745
2017-08-31,259.200012,260.299988,253.149994,254.399994,249.166519,7429622,0.8844366446
2017-09-01,255.5,259.899994,252.399994,256.649994,251.370239,4090265,-0.7208172325
2017-09-04,257.350006,257.899994,248.800003,254.800003,249.558319,2406774,0.5690657822
2017-09-05,255.149994,258,253.699997,256.25,250.97847,2047693,2.6731739181
2017-09-06,255,264.25,253.25,263.100006,257.687561,5586361,0.3800847027
2017-09-07,263.700012,266.899994,261.299988,264.100006,258.666992,4400492,-0.246118376
2017-09-08,263,270.100006,261.600006,263.450012,258.030365,6474499,0.9299669053
2017-09-11,263.450012,268.649994,263.450012,265.899994,260.429962,3388131,1.4291105261
2017-09-12,266.899994,271.700012,266.649994,269.700012,264.151794,3850430,-2.0578516306
2017-09-13,269.700012,271.799988,263.049988,264.149994,258.715942,3488892,0.5868049677
2017-09-14,265,269,262.649994,265.700012,260.2341,3046811,0.6962657853
2017-09-15,264.799988,269.149994,260.5,267.549988,262.046021,7157745,-1.8688152491
2017-09-18,268.149994,268.149994,261.399994,262.549988,257.148865,3405906,-0.3427858801
2017-09-19,262,265.799988,261.100006,261.649994,256.267395,3736290,-0.9554719203
2017-09-20,262,264.850006,258.200012,259.149994,253.818832,4209554,-1.7943313993
2017-09-21,258.600006,260.600006,251.899994,254.5,249.264481,3827420,-2.9666015673
2017-09-22,253.550003,256.200012,246.050003,246.949997,241.869797,4786338,-4.089891389
2017-09-25,246,247.100006,229.5,236.850006,231.977585,8013361,2.3221450469
2017-09-26,237.25,245.449997,235.350006,242.350006,237.364441,4724429,-2.3519799244
2017-09-27,245.699997,245.800003,234.300003,236.649994,231.781677,4227130,0.9507740338
2017-09-28,238,241,233.100006,238.899994,233.985397,4241681,3.9974913477
2017-09-29,241,249.850006,240.850006,248.449997,243.338943,4037110,0.6037389585
2017-10-03,252,253.699997,244.25,249.949997,244.808075,3190108,-0.6801344278
2017-10-04,247,250.399994,246,248.25,243.143051,2911505,0.3222604951
2017-10-05,250.100006,251.800003,247.699997,249.050003,243.926605,1613225,3.4732008835
2017-10-06,249,258.549988,248.949997,257.700012,252.398666,3541234,-0.1164241494
2017-10-09,257.399994,260.450012,253.100006,257.399994,252.104813,2708053,0.9906883452
2017-10-10,261.049988,264.049988,256.649994,259.950012,254.602386,3075575,-1.3464166828
2017-10-11,261.299988,262.850006,252.5,256.450012,251.174377,2958994,-0.1169916309
2017-10-12,256.299988,259.799988,252.100006,256.149994,250.880524,2653904,-0.8198300798
2017-10-13,259.600006,259.600006,252.600006,254.050003,248.82373,2598847,2.4995107983
2017-10-16,255.899994,261.950012,255.449997,260.399994,255.043106,3726642,-0.0576028117
2017-10-17,261,262.850006,258.200012,260.25,254.896194,3326442,-0.5763765935
2017-10-18,262.950012,262.950012,257.649994,258.75,253.427032,3020838,-1.9516880109
2017-10-19,259,259.450012,251.399994,253.699997,248.480927,934388,2.6409185925
2017-10-23,254.600006,261.450012,253.350006,260.399994,255.043106,3983111,-0.3648148011
2017-10-24,261,265.350006,257.899994,259.450012,254.112671,3594675,0.0770768334
2017-10-25,261.950012,263,255.550003,259.649994,254.308533,4232416,0.1155497995
2017-10-26,259.649994,265,255,259.950012,254.602386,4756796,2.0580714432
2017-10-27,261.25,269.350006,260.549988,265.299988,259.842285,3095908,-0.546549227
2017-10-30,265.950012,269.649994,261.799988,263.850006,258.422119,4390979,-2.0466046097
2017-10-31,261.899994,262.5,254.75,258.450012,253.13324,6701163,2.4376012411
2017-11-01,265,266.850006,260.950012,264.75,259.303619,4308393,0.5476965595
2017-11-02,264.75,268.649994,262,266.200012,260.723816,1850517,0.1502563157
2017-11-03,267,268.5,263.549988,266.600006,261.11557,1805553,0.5251257135
2017-11-06,264.399994,272,262.049988,268,262.486755,2518798,-1.4738930351
2017-11-07,269.049988,270.649994,260.5,264.049988,258.617981,2538762,-0.6059311862
2017-11-08,265.350006,266.950012,260.149994,262.450012,257.050934,2332066,0.5905821762
2017-11-09,265,265,259.100006,264,258.569031,2293798,2.5757512314
2017-11-10,262.899994,274.5,260.100006,270.799988,265.229126,3062537,-2.5664628552
2017-11-13,270.799988,271.950012,262.049988,263.850006,258.422119,2186042,1.0233141073
2017-11-14,263.399994,267.25,263.149994,266.549988,261.066589,1464097,-4.1643237619
2017-11-15,264.100006,264.700012,253.75,255.449997,250.194931,3199737,1.2526916463
2017-11-16,258,259.75,253.100006,258.649994,253.329102,1768063,3.0736571276
2017-11-17,260.350006,267.799988,260.100006,266.600006,261.11557,2241746,-0.2438104323
2017-11-20,267.950012,267.950012,262.549988,265.950012,260.478943,1589735,1.0904267221
2017-11-21,266.950012,270,265.799988,268.850006,263.319275,1814757,-0.1115960843
2017-11-22,270.200012,270.299988,265,268.549988,263.025421,1320466,-0.6330102975
2017-11-23,269.299988,273.299988,265.549988,266.850006,261.360443,2649055,-0.6183372592
2017-11-24,267.899994,267.899994,263.299988,265.200012,259.744354,1325725,-2.3755704041
2017-11-27,263.5,265.399994,258.299988,258.899994,253.573944,3340622,-1.2553087868
2017-11-28,259,261.299988,254.5,255.649994,250.390808,3948068,-0.1564570214
2017-11-29,256.5,257.950012,254.5,255.25,249.999054,1852596,-0.156708193
2017-11-30,254.300003,257.350006,254,254.850006,249.607285,4677214,-1.098686683
2017-12-01,257.700012,257.700012,249,252.050003,246.864883,3410360,-0.0793458339
2017-12-04,253.5,254.449997,249.600006,251.850006,246.669006,1309523,-1.647815859
2017-12-05,250.800003,251.350006,244.5,247.699997,242.604355,2253438,-2.2406118802
2017-12-06,246,246.850006,241.149994,242.149994,237.168533,3872984,3.5928151565
2017-12-07,243,252,242.800003,250.850006,245.68956,1934627,0.6378345909
2017-12-08,252.5,257.350006,249.199997,252.449997,247.256653,2869536,-0.3763097934
2017-12-11,253.399994,253.5,248.649994,251.5,246.326202,2248099,-0.6163075579
2017-12-12,250.949997,254.850006,249,249.949997,244.808075,2208589,-2.3804733565
2017-12-13,252,253.199997,240.100006,244,238.980484,2393737,-0.6352451776
2017-12-14,245,247.800003,237.600006,242.449997,237.462372,3263839,3.4852481807
2017-12-15,248,252.350006,247.149994,250.899994,245.738525,3492426,1.2156250226
2017-12-18,248,258.700012,243.399994,253.949997,248.725784,2938065,0.9647560303
2017-12-19,254.25,259,253,256.399994,251.125381,2145809,2.2230922967
2017-12-20,259.200012,264.5,256.649994,262.100006,256.70813,2462944,1.2209021195
2017-12-21,262.25,266,261.100006,265.299988,259.842285,1328407,-0.3015440693
2017-12-22,265.5,266.5,262.75,264.5,259.058746,1765864,1.0964165634
2017-12-26,264,268.600006,264,267.399994,261.899109,2428477,-0.729231576
2017-12-27,266.899994,269.399994,263.399994,265.450012,259.989258,1503466,2.2037772037
2017-12-28,266.700012,275.600006,266.149994,271.299988,265.718842,4716301,-0.5528840141
2017-12-29,271.399994,273.799988,266,269.799988,264.249725,2003783,-1.482572593
2018-01-01,269.5,271.700012,264.350006,265.799988,260.332031,1261616,-0.470297103
2018-01-02,267,268,261.700012,264.549988,259.107697,2277139,1.5687168104
2018-01-03,267.850006,272.25,266.350006,268.700012,263.172363,3279293,3.1447656227
2018-01-04,270.75,281.899994,269.5,277.149994,271.448517,6281682,2.8684879498
2018-01-05,279.25,289.899994,278.649994,285.100006,279.234985,8325201,0.3156842972
2018-01-08,286.100006,289.5,283.100006,286,280.116486,2686737,-0.6993137134
2018-01-09,286.25,289.5,281,284,278.157593,2281715,-0.4225388879
2018-01-10,283.200012,285,278.450012,282.799988,276.982269,2748652,-0.088396272
2018-01-11,283.700012,285.75,282,282.549988,276.737427,1757575,1.5041575855
2018-01-12,283.100006,289.75,282.75,286.799988,280.899994,5118636,-0.627604143
2018-01-15,287.600006,292.899994,283.75,285,279.137054,3602106,-1.333334986
2018-01-16,286.399994,287.399994,276.299988,281.200012,275.415222,3107547,1.3691265765
2018-01-17,282.100006,287,279.5,285.049988,279.186005,3574084,-1.8417825063
2018-01-18,285.799988,289,275.350006,279.799988,274.044006,8128594,0.8220161546
2018-01-19,281.100006,283.100006,273.049988,282.100006,276.296692,3291487,-1.222970849
2018-01-22,283,283.5,276.600006,278.649994,272.917664,2143377,5.5266448419
2018-01-23,279.350006,299.299988,277.049988,294.049988,288.000854,8672380,-1.8364212906
2018-01-24,292.350006,296,287.049988,288.649994,282.711945,4037279,0.7448479052
2018-01-25,292.350006,297,288.100006,290.799988,284.817719,7330584,0.9112807339
2018-01-29,291,300.450012,291,293.450012,287.413208,4673841,-1.4823706362
2018-01-30,292.899994,292.899994,287.75,289.100006,283.152679,2152791,0.2940180552
2018-01-31,289,294,281.100006,289.950012,283.985199,6604621,4.3800596101
2018-02-01,296,306.799988,285.399994,302.649994,296.42392,8031105,-1.2060059121
2018-02-02,298.75,314.350006,293.25,299,292.84903,12354843,-2.5919655599
2018-02-05,295,299.950012,282.850006,291.25,285.258484,6863987,-2.7639598618
2018-02-06,278.850006,289.299988,265.600006,283.200012,277.374054,8006195,2.4011351833
2018-02-07,287.899994,294.399994,284.350006,290,284.03418,9691897,4.896557872
2018-02-08,290,308.399994,290,304.200012,297.942078,8028713,1.6929689938
2018-02-09,295.75,311.850006,295.149994,309.350006,302.986145,6726146,0.4525569973
2018-02-12,312,315.700012,309.25,310.75,304.35733,4120075,-0.3861654983
2018-02-14,313.799988,314.450012,308.149994,309.549988,303.182007,3992497,-0.5653435759
2018-02-15,311.25,314.25,305.549988,307.799988,301.467987,3695342,1.4944774219
2018-02-16,310.100006,313.75,306.350006,312.399994,305.973358,5742059,-3.1049951741
2018-02-19,313.799988,313.799988,293.049988,302.700012,296.4729,6238413,0.9580514779
2018-02-20,303.200012,309.450012,300.5,305.600006,299.313263,4940505,-2.3887484732
2018-02-21,307.200012,308.149994,295,298.299988,292.163422,5947856,-0.2011257932
2018-02-22,299.299988,301.75,295,297.700012,291.575806,11882391,3.1071480602
2018-02-23,299,307.799988,298.549988,306.950012,300.635498,4641724,2.9809393966
2018-02-26,310.75,316.899994,308.450012,316.100006,309.59726,5314911,0.6327129639
2018-02-27,319,320.450012,314.25,318.100006,311.556122,6081243,-1.8547624623
2018-02-28,313.299988,315.5,310.350006,312.200012,305.777496,6391843,-2.1460585183
2018-03-01,315,317.799988,303,305.5,299.215332,6417443,-4.5335557872
2018-03-05,299.399994,300.100006,289,291.649994,285.650238,9282086,0.6343250447
2018-03-06,298.700012,301.899994,292.100006,293.5,287.462189,9755916,-1.3628661959
2018-03-07,293,293.799988,286.149994,289.5,283.544464,7208335,-0.086361411
2018-03-08,294,296.299988,284.200012,289.25,283.299591,5748695,0.9334644609
2018-03-09,291,294.200012,284.700012,291.950012,285.944092,8084115,2.0208933011
2018-03-12,295.200012,299.899994,291.799988,297.850006,291.722717,4186325,1.8969222064
2018-03-13,298.799988,304.600006,295.799988,303.5,297.25647,4161207,-1.0049382609
2018-03-14,300.200012,303.799988,298.200012,300.450012,294.269226,3032723,-1.7640339327
2018-03-15,299.799988,300.950012,294.100006,295.149994,289.078217,3721114,-1.6601717867
2018-03-16,295,295,288.799988,290.25,284.279022,7106321,-2.2911233316
2018-03-19,290.25,290.25,280.049988,283.600006,277.765839,3716523,0.6699639548
2018-03-20,280.100006,288.75,279.649994,285.5,279.62677,5586853,1.0157475266
2018-03-21,288.75,291.299988,285.25,288.399994,282.467072,3943743,-0.832162837
2018-03-22,288,290.899994,284.850006,286,280.116486,3731255,0
2018-03-23,279.899994,288.100006,276.350006,286,280.116486,6571245,2.7622283538
2018-03-26,286,296,285,293.899994,287.853943,3302313,1.6842482509
2018-03-27,299.450012,300,295.100006,298.850006,292.702118,4209223,-3.5803939758
2018-03-28,296.899994,298.200012,286.399994,288.149994,282.222229,5122171,2.9151399694
2018-04-02,290,297.450012,288.25,296.549988,290.449402,2582307,2.1918798786
2018-04-03,294.950012,304.549988,292.299988,303.049988,296.815704,5214588,-2.375844642
2018-04-04,304.5,307.25,293.649994,295.850006,289.763824,5561514,4.2420098652
2018-04-05,301.049988,309.350006,300.600006,308.399994,302.055634,4210156,-0.0648430216
2018-04-06,305.5,309.299988,304.5,308.200012,301.859772,2787944,0.3893605936
2018-04-09,308,313,306.700012,309.399994,303.035095,3191991,0.6302510935
2018-04-10,312.899994,314.75,307.049988,311.350006,304.944977,3478934,0.2730063004
2018-04-11,315.950012,318.399994,310.549988,312.200012,305.777496,6847386,-1.2652252212
2018-04-12,312,312.850006,306.75,308.25,301.908722,2993563,0.0811082894
2018-04-13,309.5,312.299988,305.5,308.5,302.153595,4046812,0.1296539265
2018-04-16,307.399994,310,306,308.899994,302.545349,2741849,0.0809376184
2018-04-17,309.5,311.299988,307.200012,309.149994,302.790222,2788017,0.2587831254
2018-04-18,307,312,307,309.950012,303.573792,3234140,4.1619577622
2018-04-19,311.25,327.799988,311.25,322.850006,316.208405,8395329,0
2018-04-20,318.850006,326.200012,317.899994,322.850006,316.208405,5243673,-0.3252323416
2018-04-23,321.950012,327.450012,319.5,321.799988,315.179993,3113729,0.9167180862
2018-04-24,317.5,326,316.350006,324.75,318.069305,4078872,-0.9391704742
2018-04-25,325,326.799988,319.799988,321.700012,315.082092,3081536,1.8650777525
2018-04-26,321.5,330.399994,321.25,327.700012,320.958618,4602880,-0.0305213802
2018-04-27,328,330.350006,325.399994,327.600006,320.860657,2704711,-0.7936401502
2018-04-30,323.549988,331.200012,323.350006,325,318.314178,2847539,-3.0307789181
2018-05-02,327.799988,327.799988,314.049988,315.149994,308.666779,2136023,1.3168362378
2018-05-03,315.899994,320.149994,310.5,319.299988,312.731415,5122999,-0.5950476705
2018-05-04,318.5,319.399994,314.700012,317.399994,310.870514,3147597,2.6464951256
2018-05-07,319.950012,327.100006,316.5,325.799988,319.097687,3285970,-0.5371361404
2018-05-08,326.700012,328.450012,322.799988,324.049988,317.383698,2779564,-0.709757941
2018-05-09,325,326.899994,320.649994,321.75,315.131042,2987922,-0.6837742757
2018-05-10,323,324.950012,318.100006,319.549988,312.976257,3185014,1.3143543346
2018-05-11,320.600006,325.25,319.5,323.75,317.089874,2208433,1.6370686754
2018-05-14,323.700012,331.450012,321.200012,329.049988,322.280853,3103900,1.671474104
2018-05-15,329.5,342.75,327.600006,334.549988,327.667694,6620191,0.6127680686
2018-05-16,333.799988,340,329.899994,336.600006,329.675537,5178318,-1.366607617
2018-05-17,341,341,328.100006,332,325.170166,9191526,-3.7801158548
2018-05-18,332.899994,335.75,318.100006,319.450012,312.878357,4676411,-3.1929894723
2018-05-21,318.700012,323.450012,307.649994,309.25,302.888184,5132127,2.9587687713
2018-05-22,309,320.75,308.75,318.399994,311.849945,4072023,-2.6381928655
2018-05-23,318.899994,322.899994,308.100006,310,303.622742,6090049,1.3387024217
2018-05-24,313.950012,315.549988,307.399994,314.149994,307.687347,3276382,3.7880052962
2018-05-25,315,327.5,314,326.049988,319.34256,5183676,0.322040382
2018-05-28,326.5,330,324.25,327.100006,320.370972,2162396,1.4215772957
2018-05-29,326.899994,332.450012,323.350006,331.75,324.925293,4898604,0.2411443544
2018-05-30,328.799988,333.899994,328.049988,332.549988,325.708832,3841174,-0.1954589306
2018-05-31,332,337.200012,329.600006,331.899994,325.072205,6771065,0
2018-06-01,332.100006,337.600006,327.649994,331.899994,325.072205,5033181,-0.0150585006
2018-06-04,332,334.75,330,331.850006,325.023254,2301143,-0.8286853223
2018-06-05,333.100006,333.600006,325.5,329.100006,322.329834,2804584,2.7043379422
2018-06-06,329,339.100006,328.049988,338,331.046722,3148197,1.6272240871
2018-06-07,339.600006,346.5,339.5,343.5,336.433594,3295739,-0.0727849431
2018-06-08,343.299988,344.299988,339,343.25,336.188721,2138252,-0.6700566852
2018-06-11,343.75,345.899994,340.350006,340.950012,333.936066,1886702,0.1173140729
2018-06-12,341.399994,345.5,338.5,341.350006,334.32782,4463946,0.4833752692
2018-06-13,342,345.5,339.100006,343,335.943878,3827972,-1.151613187
2018-06-14,342,343.850006,336.799988,339.049988,332.075104,2262462,-1.9171181228
2018-06-15,336.100006,341.549988,331.649994,332.549988,325.708832,4407383,-1.6238153468
2018-06-18,331.799988,331.950012,322.149994,327.149994,320.419922,3093377,0.1069858571
2018-06-19,325.25,331.350006,323,327.5,320.762726,3902633,2.3358839393
2018-06-20,326.049988,336.149994,326.049988,335.149994,328.255371,4389564,-0.6862599059
2018-06-21,337,337.450012,331.549988,332.850006,326.002686,3111133,1.2317858633
2018-06-22,332.399994,338.350006,331.850006,336.950012,330.018341,3641907,-1.4393878794
2018-06-25,336.850006,338.450012,330,332.100006,325.268097,2725937,-2.785299906
2018-06-26,329.649994,330.200012,321.549988,322.850006,316.208405,3431872,-1.4093303434
2018-06-27,324.450012,324.5,316.799988,318.299988,311.751984,3615558,1.2881027888
2018-06-28,317.799988,324.399994,313.899994,322.399994,315.76767,4474045,1.3647527627
2018-06-29,325,328.299988,322.75,326.799988,320.077118,4176390,-4.1003646502
2018-07-02,327,328.75,311.5,313.399994,306.952789,3579844,-0.5424312988
2018-07-03,313.399994,314.799988,306,311.700012,305.287781,5355915,0.144367062
2018-07-04,312.5,315.299988,308.5,312.149994,305.728516,3838343,-0.5446037621
2018-07-05,312,313,308,310.450012,304.063507,4048889,0.4230922062
2018-07-06,307,312.899994,300.700012,308.549988,305.349976,5087790,2.4398272754
2018-07-09,312,314.25,310.100006,312.799988,312.799988,1833981,1.4865806197
2018-07-10,312,318.200012,312,317.450012,317.450012,4072677,-1.2915438164
2018-07-11,316.350006,316.350006,310.5,313.350006,313.350006,4560851,1.1967448311
2018-07-12,314.899994,320.700012,312.700012,317.100006,317.100006,3468456,-0.2680561286
2018-07-13,318,320.200012,314.25,316.25,316.25,3079114,-2.7193694862
2018-07-16,316.200012,318.5,306.5,307.649994,307.649994,2316253,-0.081261175
2018-07-17,305,309.600006,302.200012,307.399994,307.399994,4813085,-3.6434555038
2018-07-18,309.700012,310.649994,293.549988,296.200012,296.200012,4530592,2.4983098245
2018-07-19,297,310.25,294.5,303.600006,303.600006,6510032,0.1811554641
2018-07-20,304.5,307.25,299.600006,304.149994,304.149994,4643889,0.8219628635
2018-07-23,306,307.850006,300,306.649994,306.649994,3849111,3.782816314
2018-07-24,307,319.950012,305.049988,318.25,318.25,4677454,-0.3613492537
2018-07-25,322,327.399994,310.600006,317.100006,317.100006,8497446,-1.5137237178
2018-07-26,316.799988,319.700012,309,312.299988,312.299988,6607347,3.5062479733
2018-07-27,314.100006,326.100006,314,323.25,323.25,6865156,1.4230490333
2018-07-30,323.25,328.899994,320.850006,327.850006,327.850006,4368955,0.7777910488
2018-07-31,325.549988,332.850006,325,330.399994,330.399994,4863789,-0.8625926307
2018-08-01,330.950012,332.299988,324.600006,327.549988,327.549988,3557767,1.3738361059
2018-08-02,326,334.850006,321.850006,332.049988,332.049988,4410584,1.5810872428
2018-08-03,332.899994,338.299988,332.5,337.299988,337.299988,4714989,-0.1037580826
2018-08-06,338.5,341.5,335.799988,336.950012,336.950012,2536638,1.0535651799
2018-08-07,338,342.600006,335.5,340.5,340.5,4702630,0.6607929515
2018-08-08,342.350006,345,339.549988,342.75,342.75,3791524,0.0583550693
2018-08-09,343.200012,345.5,341.049988,342.950012,342.950012,3272046,-0.8893476872
2018-08-10,342.600006,344.5,337.399994,339.899994,339.899994,3088207,0.6472527328
2018-08-13,336.950012,346.350006,335.950012,342.100006,342.100006,3893115,-0.2923121843
2018-08-14,342.549988,351,338.200012,341.100006,341.100006,6297575,-3.7965440552
2018-08-16,336,337.100006,326.850006,328.149994,328.149994,6092650,1.7827231775
2018-08-17,329.899994,335.799988,329.899994,334,334,3729105,2.2604754491
2018-08-20,334.100006,342.25,334,341.549988,341.549988,2968742,0.1024757758
2018-08-21,343.200012,344.299988,338.049988,341.899994,341.899994,2781769,-0.6727078211
2018-08-23,342.899994,343.299988,336.75,339.600006,339.600006,3317106,4.4758485664
2018-08-24,336.049988,356.5,336.049988,354.799988,354.799988,8301916,0.2254842241
2018-08-27,359,364.649994,352.649994,355.600006,355.600006,7420600,2.9808790273
2018-08-28,357.850006,369,353.100006,366.200012,366.200012,6122883,8.9568506076
2018-08-29,371.399994,408.700012,370,399,399,44445933,-0.2756907268
2018-08-30,398,408.799988,393.149994,397.899994,397.899994,27089981,-0.3895421019
2018-08-31,399,403.299988,392.600006,396.350006,396.350006,8642458,0.1639949515
2018-09-03,399.299988,402.5,393.100006,397,397,5615281,-1.5491168766
2018-09-04,399.600006,399.600006,386.5,390.850006,390.850006,6611358,1.9188946872
2018-09-05,387,401.75,387,398.350006,398.350006,7677886,0.1129614643
2018-09-06,404,404.100006,396.049988,398.799988,398.799988,5215140,1.9558721752
2018-09-07,398.75,409.899994,395,406.600006,406.600006,7367573,-1.3280850763
2018-09-10,411.399994,414.950012,399,401.200012,401.200012,8882946,-1.4955134149
2018-09-11,403.899994,403.899994,392.350006,395.200012,395.200012,7125022,1.1513127181
2018-09-12,395.100006,400.899994,388.049988,399.75,399.75,6287959,2.0888070044
2018-09-14,402.200012,412.350006,402.200012,408.100006,408.100006,6622300,0.9188924148
2018-09-17,407,416.399994,403.149994,411.850006,411.850006,6327429,-1.1411950787
2018-09-18,412.75,415.700012,404.700012,407.149994,407.149994,5226145,2.431534851
2018-09-19,410.100006,423.75,410.100006,417.049988,417.049988,8654507,-2.1700007818
2018-09-21,420.25,427.549988,389.299988,408,408,10218645,-1.8504872549
2018-09-24,414,414,397.100006,400.450012,400.450012,7568416,0.7990964925
2018-09-25,398,407,389,403.649994,403.649994,6963000,1.1024432221
2018-09-26,407,411.75,401,408.100006,408.100006,3317487,-1.9113006335
2018-09-27,409.850006,412.5,395.799988,400.299988,400.299988,25412558,-4.6590043865
2018-09-28,403.850006,407.950012,374.200012,381.649994,381.649994,13200294,-0.2096129995
2018-10-01,375,386.850006,371.100006,380.850006,380.850006,8909890,-100
